source_dataset,message_id,subject,body,combined_text,from_address,from_domain,reply_to_address,reply_to_domain,return_path_domain,message_id_domain,html_content,label
bundled_local,EMAIL_000490,Congratulations! You've Won a Prize,Congratulations! You've won $5000. Claim your prize: bit.ly/xalsml,Congratulations! You've Won a Prize Congratulations! You've won $5000. Claim your prize: bit.ly/xalsml,help@applesupport-verify.net,applesupport-verify.net,,,,,,1
bundled_local,EMAIL_000344,Your Package Delivery Failed,Click here immediately to verify your account before it gets suspended: bit.ly/ec26oa,Your Package Delivery Failed Click here immediately to verify your account before it gets suspended: bit.ly/ec26oa,verify@micros0ft-account.ru,micros0ft-account.ru,,,,,,1
bundled_local,EMAIL_000539,Meeting Tomorrow at 2PM,"Hi, just wanted to follow up on our discussion. Looking forward to the meeting tomorrow.","Meeting Tomorrow at 2PM Hi, just wanted to follow up on our discussion. Looking forward to the meeting tomorrow.",orders@store.com,store.com,,,,,,0
bundled_local,EMAIL_000120,Urgent: Verify Your Account,Congratulations! You've won $5000. Claim your prize: bit.ly/8xxl6g,Urgent: Verify Your Account Congratulations! You've won $5000. Claim your prize: bit.ly/8xxl6g,admin@bank-security-check.xyz,bank-security-check.xyz,,,,,,1
bundled_local,EMAIL_000895,Project Update - Q3 Results,Thank you for attending our webinar. Here's the recording link.,Project Update - Q3 Results Thank you for attending our webinar. Here's the recording link.,admin@project.com,project.com,,,,,,0
bundled_local,EMAIL_000571,Team Lunch This Friday,Your subscription has been renewed. Thank you for your continued support.,Team Lunch This Friday Your subscription has been renewed. Thank you for your continued support.,support@service.com,service.com,,,,,,0
bundled_local,EMAIL_000672,Password Changed Successfully,"Your password has been successfully changed. If this wasn't you, contact support.","Password Changed Successfully Your password has been successfully changed. If this wasn't you, contact support.",admin@project.com,project.com,,,,,,0
bundled_local,EMAIL_000697,Welcome to Our Newsletter,Your subscription has been renewed. Thank you for your continued support.,Welcome to Our Newsletter Your subscription has been renewed. Thank you for your continued support.,admin@project.com,project.com,,,,,,0
bundled_local,EMAIL_000844,New Feature Release Notes,Attached is the updated project timeline. Please review and provide feedback.,New Feature Release Notes Attached is the updated project timeline. Please review and provide feedback.,newsletter@brand.com,brand.com,,,,,,0
bundled_local,EMAIL_000158,Congratulations! You've Won a Prize,Click here immediately to verify your account before it gets suspended: bit.ly/cj5exm,Congratulations! You've Won a Prize Click here immediately to verify your account before it gets suspended: bit.ly/cj5exm,security@google-account.tk,google-account.tk,,,,,,1
bundled_local,EMAIL_000185,Click Here to Confirm Your Password,We noticed unusual activity. Please confirm your password: bit.ly/dnote4,Click Here to Confirm Your Password We noticed unusual activity. Please confirm your password: bit.ly/dnote4,support@paypa1-verify.com,paypa1-verify.com,,,,,,1
bundled_local,EMAIL_000711,Meeting Tomorrow at 2PM,Thank you for attending our webinar. Here's the recording link.,Meeting Tomorrow at 2PM Thank you for attending our webinar. Here's the recording link.,newsletter@brand.com,brand.com,,,,,,0
bundled_local,EMAIL_000031,Click Here to Confirm Your Password,Your Microsoft account needs immediate attention: bit.ly/7p4udm,Click Here to Confirm Your Password Your Microsoft account needs immediate attention: bit.ly/7p4udm,help@applesupport-verify.net,applesupport-verify.net,,,,,,1
bundled_local,EMAIL_000161,Your Account Has Been Compromised,Amazon detected unauthorized access. Verify your account: bit.ly/3gkzop,Your Account Has Been Compromised Amazon detected unauthorized access. Verify your account: bit.ly/3gkzop,admin@bank-security-check.xyz,bank-security-check.xyz,,,,,,1
bundled_local,EMAIL_000317,Bank Security Alert,We noticed unusual activity. Please confirm your password: bit.ly/urf0p6,Bank Security Alert We noticed unusual activity. Please confirm your password: bit.ly/urf0p6,help@applesupport-verify.net,applesupport-verify.net,,,,,,1
bundled_local,EMAIL_000933,Your Reservation Confirmation,"Your password has been successfully changed. If this wasn't you, contact support.","Your Reservation Confirmation Your password has been successfully changed. If this wasn't you, contact support.",notifications@app.com,app.com,,,,,,0
bundled_local,EMAIL_000057,Confirm Your Identity Now,Your Netflix subscription needs updating: bit.ly/a2t7xu,Confirm Your Identity Now Your Netflix subscription needs updating: bit.ly/a2t7xu,help@applesupport-verify.net,applesupport-verify.net,,,,,,1
bundled_local,EMAIL_000113,Click Here to Confirm Your Password,Click here immediately to verify your account before it gets suspended: bit.ly/ad3qzy,Click Here to Confirm Your Password Click here immediately to verify your account before it gets suspended: bit.ly/ad3qzy,admin@bank-security-check.xyz,bank-security-check.xyz,,,,,,1
bundled_local,EMAIL_000322,Click Here to Confirm Your Password,Congratulations! You've won $5000. Claim your prize: bit.ly/b5b8cz,Click Here to Confirm Your Password Congratulations! You've won $5000. Claim your prize: bit.ly/b5b8cz,verify@micros0ft-account.ru,micros0ft-account.ru,,,,,,1
bundled_local,EMAIL_000791,Password Changed Successfully,Thank you for attending our webinar. Here's the recording link.,Password Changed Successfully Thank you for attending our webinar. Here's the recording link.,notifications@app.com,app.com,,,,,,0
bundled_local,EMAIL_000209,Urgent: Verify Your Account,Your Microsoft account needs immediate attention: bit.ly/09a2zl,Urgent: Verify Your Account Your Microsoft account needs immediate attention: bit.ly/09a2zl,noreply@amaz0n-security.com,amaz0n-security.com,,,,,,1
bundled_local,EMAIL_000442,Urgent: Verify Your Account,Your Microsoft account needs immediate attention: bit.ly/xc8rgh,Urgent: Verify Your Account Your Microsoft account needs immediate attention: bit.ly/xc8rgh,support@paypa1-verify.com,paypa1-verify.com,,,,,,1
bundled_local,EMAIL_000486,Action Required: Unusual Activity Detected,Confirm receipt of package: bit.ly/rkvsgf,Action Required: Unusual Activity Detected Confirm receipt of package: bit.ly/rkvsgf,support@paypa1-verify.com,paypa1-verify.com,,,,,,1
bundled_local,EMAIL_000001,Your Package Delivery Failed,Your Netflix subscription needs updating: bit.ly/nse3di,Your Package Delivery Failed Your Netflix subscription needs updating: bit.ly/nse3di,support@paypa1-verify.com,paypa1-verify.com,,,,,,1
bundled_local,EMAIL_000598,Meeting Tomorrow at 2PM,"Your password has been successfully changed. If this wasn't you, contact support.","Meeting Tomorrow at 2PM Your password has been successfully changed. If this wasn't you, contact support.",noreply@company.com,company.com,,,,,,0
bundled_local,EMAIL_000756,Your Reservation Confirmation,The team meeting has been rescheduled to Friday at 3 PM. See you then!,Your Reservation Confirmation The team meeting has been rescheduled to Friday at 3 PM. See you then!,notifications@app.com,app.com,,,,,,0
bundled_local,EMAIL_000347,Refund Pending - Claim Now,IRS tax refund ready for pickup. Claim here: bit.ly/c7fhzy,Refund Pending - Claim Now IRS tax refund ready for pickup. Claim here: bit.ly/c7fhzy,security@google-account.tk,google-account.tk,,,,,,1
bundled_local,EMAIL_000587,Password Changed Successfully,The team meeting has been rescheduled to Friday at 3 PM. See you then!,Password Changed Successfully The team meeting has been rescheduled to Friday at 3 PM. See you then!,newsletter@brand.com,brand.com,,,,,,0
bundled_local,EMAIL_000708,Your Order Confirmation,Attached is the updated project timeline. Please review and provide feedback.,Your Order Confirmation Attached is the updated project timeline. Please review and provide feedback.,notifications@app.com,app.com,,,,,,0
bundled_local,EMAIL_000183,Your Package Delivery Failed,Amazon detected unauthorized access. Verify your account: bit.ly/myueok,Your Package Delivery Failed Amazon detected unauthorized access. Verify your account: bit.ly/myueok,noreply@amaz0n-security.com,amaz0n-security.com,,,,,,1
bundled_local,EMAIL_000272,Confirm Your Identity Now,Your Microsoft account needs immediate attention: bit.ly/vlv69i,Confirm Your Identity Now Your Microsoft account needs immediate attention: bit.ly/vlv69i,admin@bank-security-check.xyz,bank-security-check.xyz,,,,,,1
bundled_local,EMAIL_000984,Meeting Tomorrow at 2PM,The team meeting has been rescheduled to Friday at 3 PM. See you then!,Meeting Tomorrow at 2PM The team meeting has been rescheduled to Friday at 3 PM. See you then!,orders@store.com,store.com,,,,,,0
bundled_local,EMAIL_000181,Urgent: Verify Your Account,Click here immediately to verify your account before it gets suspended: bit.ly/l0mwps,Urgent: Verify Your Account Click here immediately to verify your account before it gets suspended: bit.ly/l0mwps,noreply@amaz0n-security.com,amaz0n-security.com,,,,,,1
bundled_local,EMAIL_000024,Update Payment Method Required,Congratulations! You've won $5000. Claim your prize: bit.ly/8qqk8i,Update Payment Method Required Congratulations! You've won $5000. Claim your prize: bit.ly/8qqk8i,support@paypa1-verify.com,paypa1-verify.com,,,,,,1
bundled_local,EMAIL_000083,Refund Pending - Claim Now,PayPal security alert. Confirm your information: bit.ly/5l7p3l,Refund Pending - Claim Now PayPal security alert. Confirm your information: bit.ly/5l7p3l,noreply@amaz0n-security.com,amaz0n-security.com,,,,,,1
bundled_local,EMAIL_000261,Confirm Your Identity Now,Click here immediately to verify your account before it gets suspended: bit.ly/7lpr9r,Confirm Your Identity Now Click here immediately to verify your account before it gets suspended: bit.ly/7lpr9r,admin@bank-security-check.xyz,bank-security-check.xyz,,,,,,1
bundled_local,EMAIL_000585,Password Changed Successfully,We've improved our security. No action needed from you.,Password Changed Successfully We've improved our security. No action needed from you.,support@service.com,service.com,,,,,,0
bundled_local,EMAIL_000010,Your Account Has Been Compromised,Confirm receipt of package: bit.ly/du522k,Your Account Has Been Compromised Confirm receipt of package: bit.ly/du522k,noreply@amaz0n-security.com,amaz0n-security.com,,,,,,1
bundled_local,EMAIL_000975,Meeting Tomorrow at 2PM,We've improved our security. No action needed from you.,Meeting Tomorrow at 2PM We've improved our security. No action needed from you.,support@service.com,service.com,,,,,,0
bundled_local,EMAIL_000194,Action Required: Unusual Activity Detected,Confirm receipt of package: bit.ly/azgwf0,Action Required: Unusual Activity Detected Confirm receipt of package: bit.ly/azgwf0,support@paypa1-verify.com,paypa1-verify.com,,,,,,1
bundled_local,EMAIL_000684,Monthly Report Attached,Thank you for your order! Your item will be shipped within 2 business days.,Monthly Report Attached Thank you for your order! Your item will be shipped within 2 business days.,newsletter@brand.com,brand.com,,,,,,0
bundled_local,EMAIL_000925,Your Order Confirmation,The team meeting has been rescheduled to Friday at 3 PM. See you then!,Your Order Confirmation The team meeting has been rescheduled to Friday at 3 PM. See you then!,noreply@company.com,company.com,,,,,,0
bundled_local,EMAIL_000635,Welcome to Our Newsletter,The team meeting has been rescheduled to Friday at 3 PM. See you then!,Welcome to Our Newsletter The team meeting has been rescheduled to Friday at 3 PM. See you then!,admin@project.com,project.com,,,,,,0
bundled_local,EMAIL_000462,Action Required: Unusual Activity Detected,IRS tax refund ready for pickup. Claim here: bit.ly/28ckzj,Action Required: Unusual Activity Detected IRS tax refund ready for pickup. Claim here: bit.ly/28ckzj,support@paypa1-verify.com,paypa1-verify.com,,,,,,1
bundled_local,EMAIL_000100,Confirm Your Identity Now,Your Netflix subscription needs updating: bit.ly/6xptoo,Confirm Your Identity Now Your Netflix subscription needs updating: bit.ly/6xptoo,help@applesupport-verify.net,applesupport-verify.net,,,,,,1
bundled_local,EMAIL_000738,Password Changed Successfully,Welcome to our subscriber community. You'll receive weekly updates on new features.,Password Changed Successfully Welcome to our subscriber community. You'll receive weekly updates on new features.,support@service.com,service.com,,,,,,0
bundled_local,EMAIL_000821,Welcome to Our Newsletter,Welcome to our subscriber community. You'll receive weekly updates on new features.,Welcome to Our Newsletter Welcome to our subscriber community. You'll receive weekly updates on new features.,newsletter@brand.com,brand.com,,,,,,0
bundled_local,EMAIL_000159,Click Here to Confirm Your Password,We noticed unusual activity. Please confirm your password: bit.ly/zufy01,Click Here to Confirm Your Password We noticed unusual activity. Please confirm your password: bit.ly/zufy01,noreply@amaz0n-security.com,amaz0n-security.com,,,,,,1
bundled_local,EMAIL_000366,Congratulations! You've Won a Prize,We noticed unusual activity. Please confirm your password: bit.ly/vhi0ni,Congratulations! You've Won a Prize We noticed unusual activity. Please confirm your password: bit.ly/vhi0ni,security@google-account.tk,google-account.tk,,,,,,1
bundled_local,EMAIL_000780,Team Lunch This Friday,Welcome to our subscriber community. You'll receive weekly updates on new features.,Team Lunch This Friday Welcome to our subscriber community. You'll receive weekly updates on new features.,admin@project.com,project.com,,,,,,0
bundled_local,EMAIL_000718,Monthly Report Attached,Your subscription has been renewed. Thank you for your continued support.,Monthly Report Attached Your subscription has been renewed. Thank you for your continued support.,support@service.com,service.com,,,,,,0
bundled_local,EMAIL_000188,Update Payment Method Required,PayPal security alert. Confirm your information: bit.ly/iq4vc8,Update Payment Method Required PayPal security alert. Confirm your information: bit.ly/iq4vc8,noreply@amaz0n-security.com,amaz0n-security.com,,,,,,1
bundled_local,EMAIL_000917,Monthly Report Attached,Welcome to our subscriber community. You'll receive weekly updates on new features.,Monthly Report Attached Welcome to our subscriber community. You'll receive weekly updates on new features.,notifications@app.com,app.com,,,,,,0
bundled_local,EMAIL_000315,Click Here to Confirm Your Password,Click here immediately to verify your account before it gets suspended: bit.ly/lxdpdf,Click Here to Confirm Your Password Click here immediately to verify your account before it gets suspended: bit.ly/lxdpdf,security@google-account.tk,google-account.tk,,,,,,1
bundled_local,EMAIL_000313,Your Package Delivery Failed,Click here immediately to verify your account before it gets suspended: bit.ly/hdkrb4,Your Package Delivery Failed Click here immediately to verify your account before it gets suspended: bit.ly/hdkrb4,admin@bank-security-check.xyz,bank-security-check.xyz,,,,,,1
bundled_local,EMAIL_000495,Your Package Delivery Failed,Confirm receipt of package: bit.ly/77ubfr,Your Package Delivery Failed Confirm receipt of package: bit.ly/77ubfr,verify@micros0ft-account.ru,micros0ft-account.ru,,,,,,1
bundled_local,EMAIL_000184,Action Required: Unusual Activity Detected,Confirm receipt of package: bit.ly/q1ycxf,Action Required: Unusual Activity Detected Confirm receipt of package: bit.ly/q1ycxf,noreply@amaz0n-security.com,amaz0n-security.com,,,,,,1
bundled_local,EMAIL_000526,Meeting Tomorrow at 2PM,Welcome to our subscriber community. You'll receive weekly updates on new features.,Meeting Tomorrow at 2PM Welcome to our subscriber community. You'll receive weekly updates on new features.,notifications@app.com,app.com,,,,,,0
bundled_local,EMAIL_000205,Confirm Your Identity Now,Confirm receipt of package: bit.ly/dmlpd6,Confirm Your Identity Now Confirm receipt of package: bit.ly/dmlpd6,help@applesupport-verify.net,applesupport-verify.net,,,,,,1
bundled_local,EMAIL_000063,Your Package Delivery Failed,Amazon detected unauthorized access. Verify your account: bit.ly/in88oz,Your Package Delivery Failed Amazon detected unauthorized access. Verify your account: bit.ly/in88oz,noreply@amaz0n-security.com,amaz0n-security.com,,,,,,1
bundled_local,EMAIL_000949,Meeting Tomorrow at 2PM,Your subscription has been renewed. Thank you for your continued support.,Meeting Tomorrow at 2PM Your subscription has been renewed. Thank you for your continued support.,noreply@company.com,company.com,,,,,,0
bundled_local,EMAIL_000110,Urgent: Verify Your Account,Your payment method has expired. Update it now: bit.ly/z0vov2,Urgent: Verify Your Account Your payment method has expired. Update it now: bit.ly/z0vov2,admin@bank-security-check.xyz,bank-security-check.xyz,,,,,,1
bundled_local,EMAIL_000146,Urgent: Verify Your Account,Amazon detected unauthorized access. Verify your account: bit.ly/5d3ini,Urgent: Verify Your Account Amazon detected unauthorized access. Verify your account: bit.ly/5d3ini,admin@bank-security-check.xyz,bank-security-check.xyz,,,,,,1
bundled_local,EMAIL_000111,Your Package Delivery Failed,IRS tax refund ready for pickup. Claim here: bit.ly/57cbsx,Your Package Delivery Failed IRS tax refund ready for pickup. Claim here: bit.ly/57cbsx,security@google-account.tk,google-account.tk,,,,,,1
bundled_local,EMAIL_000232,Your Package Delivery Failed,We noticed unusual activity. Please confirm your password: bit.ly/wz4l0f,Your Package Delivery Failed We noticed unusual activity. Please confirm your password: bit.ly/wz4l0f,support@paypa1-verify.com,paypa1-verify.com,,,,,,1
bundled_local,EMAIL_000004,Your Package Delivery Failed,Confirm receipt of package: bit.ly/i3ajis,Your Package Delivery Failed Confirm receipt of package: bit.ly/i3ajis,verify@micros0ft-account.ru,micros0ft-account.ru,,,,,,1
bundled_local,EMAIL_000931,Welcome to Our Newsletter,Thank you for your order! Your item will be shipped within 2 business days.,Welcome to Our Newsletter Thank you for your order! Your item will be shipped within 2 business days.,notifications@app.com,app.com,,,,,,0
bundled_local,EMAIL_000985,Your Reservation Confirmation,"Hi, just wanted to follow up on our discussion. Looking forward to the meeting tomorrow.","Your Reservation Confirmation Hi, just wanted to follow up on our discussion. Looking forward to the meeting tomorrow.",noreply@company.com,company.com,,,,,,0
bundled_local,EMAIL_000562,Your Reservation Confirmation,Thank you for your order! Your item will be shipped within 2 business days.,Your Reservation Confirmation Thank you for your order! Your item will be shipped within 2 business days.,orders@store.com,store.com,,,,,,0
bundled_local,EMAIL_000978,Your Order Confirmation,"Your password has been successfully changed. If this wasn't you, contact support.","Your Order Confirmation Your password has been successfully changed. If this wasn't you, contact support.",support@service.com,service.com,,,,,,0
bundled_local,EMAIL_000237,Your Package Delivery Failed,Amazon detected unauthorized access. Verify your account: bit.ly/99qko9,Your Package Delivery Failed Amazon detected unauthorized access. Verify your account: bit.ly/99qko9,support@paypa1-verify.com,paypa1-verify.com,,,,,,1
bundled_local,EMAIL_000201,Confirm Your Identity Now,Your Netflix subscription needs updating: bit.ly/50gj0d,Confirm Your Identity Now Your Netflix subscription needs updating: bit.ly/50gj0d,support@paypa1-verify.com,paypa1-verify.com,,,,,,1
bundled_local,EMAIL_000427,Your Account Has Been Compromised,Click here immediately to verify your account before it gets suspended: bit.ly/zc6sxl,Your Account Has Been Compromised Click here immediately to verify your account before it gets suspended: bit.ly/zc6sxl,verify@micros0ft-account.ru,micros0ft-account.ru,,,,,,1
bundled_local,EMAIL_000050,Action Required: Unusual Activity Detected,Amazon detected unauthorized access. Verify your account: bit.ly/yrpqqp,Action Required: Unusual Activity Detected Amazon detected unauthorized access. Verify your account: bit.ly/yrpqqp,noreply@amaz0n-security.com,amaz0n-security.com,,,,,,1
bundled_local,EMAIL_000219,Click Here to Confirm Your Password,Click here immediately to verify your account before it gets suspended: bit.ly/k31n6n,Click Here to Confirm Your Password Click here immediately to verify your account before it gets suspended: bit.ly/k31n6n,support@paypa1-verify.com,paypa1-verify.com,,,,,,1
bundled_local,EMAIL_000299,Update Payment Method Required,Your payment method has expired. Update it now: bit.ly/73w24h,Update Payment Method Required Your payment method has expired. Update it now: bit.ly/73w24h,noreply@amaz0n-security.com,amaz0n-security.com,,,,,,1
bundled_local,EMAIL_000117,Your Account Has Been Compromised,We noticed unusual activity. Please confirm your password: bit.ly/h7r3vt,Your Account Has Been Compromised We noticed unusual activity. Please confirm your password: bit.ly/h7r3vt,support@paypa1-verify.com,paypa1-verify.com,,,,,,1
bundled_local,EMAIL_000292,Refund Pending - Claim Now,We noticed unusual activity. Please confirm your password: bit.ly/20f90a,Refund Pending - Claim Now We noticed unusual activity. Please confirm your password: bit.ly/20f90a,noreply@amaz0n-security.com,amaz0n-security.com,,,,,,1
bundled_local,EMAIL_000238,Bank Security Alert,PayPal security alert. Confirm your information: bit.ly/2e3hkr,Bank Security Alert PayPal security alert. Confirm your information: bit.ly/2e3hkr,verify@micros0ft-account.ru,micros0ft-account.ru,,,,,,1
bundled_local,EMAIL_000244,Your Package Delivery Failed,Your Netflix subscription needs updating: bit.ly/blvix9,Your Package Delivery Failed Your Netflix subscription needs updating: bit.ly/blvix9,security@google-account.tk,google-account.tk,,,,,,1
bundled_local,EMAIL_000091,Click Here to Confirm Your Password,PayPal security alert. Confirm your information: bit.ly/9604np,Click Here to Confirm Your Password PayPal security alert. Confirm your information: bit.ly/9604np,noreply@amaz0n-security.com,amaz0n-security.com,,,,,,1
bundled_local,EMAIL_000621,Meeting Tomorrow at 2PM,Here's the monthly report with our latest metrics and performance analysis.,Meeting Tomorrow at 2PM Here's the monthly report with our latest metrics and performance analysis.,team@workplace.com,workplace.com,,,,,,0
bundled_local,EMAIL_000435,Congratulations! You've Won a Prize,We noticed unusual activity. Please confirm your password: bit.ly/z75lj0,Congratulations! You've Won a Prize We noticed unusual activity. Please confirm your password: bit.ly/z75lj0,security@google-account.tk,google-account.tk,,,,,,1
bundled_local,EMAIL_000930,Your Order Confirmation,Welcome to our subscriber community. You'll receive weekly updates on new features.,Your Order Confirmation Welcome to our subscriber community. You'll receive weekly updates on new features.,notifications@app.com,app.com,,,,,,0
bundled_local,EMAIL_000032,Congratulations! You've Won a Prize,Congratulations! You've won $5000. Claim your prize: bit.ly/dkypud,Congratulations! You've Won a Prize Congratulations! You've won $5000. Claim your prize: bit.ly/dkypud,noreply@amaz0n-security.com,amaz0n-security.com,,,,,,1
bundled_local,EMAIL_000455,Congratulations! You've Won a Prize,Confirm receipt of package: bit.ly/pv5wh0,Congratulations! You've Won a Prize Confirm receipt of package: bit.ly/pv5wh0,support@paypa1-verify.com,paypa1-verify.com,,,,,,1
bundled_local,EMAIL_000782,Password Changed Successfully,Here's the monthly report with our latest metrics and performance analysis.,Password Changed Successfully Here's the monthly report with our latest metrics and performance analysis.,team@workplace.com,workplace.com,,,,,,0
bundled_local,EMAIL_000155,Your Account Has Been Compromised,PayPal security alert. Confirm your information: bit.ly/bcz8lh,Your Account Has Been Compromised PayPal security alert. Confirm your information: bit.ly/bcz8lh,help@applesupport-verify.net,applesupport-verify.net,,,,,,1
bundled_local,EMAIL_000076,Bank Security Alert,Your Microsoft account needs immediate attention: bit.ly/b1n1fz,Bank Security Alert Your Microsoft account needs immediate attention: bit.ly/b1n1fz,admin@bank-security-check.xyz,bank-security-check.xyz,,,,,,1
bundled_local,EMAIL_000081,Your Account Has Been Compromised,Your Netflix subscription needs updating: bit.ly/1yntfl,Your Account Has Been Compromised Your Netflix subscription needs updating: bit.ly/1yntfl,security@google-account.tk,google-account.tk,,,,,,1
bundled_local,EMAIL_000319,Refund Pending - Claim Now,PayPal security alert. Confirm your information: bit.ly/rjk8hq,Refund Pending - Claim Now PayPal security alert. Confirm your information: bit.ly/rjk8hq,verify@micros0ft-account.ru,micros0ft-account.ru,,,,,,1
bundled_local,EMAIL_000763,Annual Leave Request Approved,Here's the monthly report with our latest metrics and performance analysis.,Annual Leave Request Approved Here's the monthly report with our latest metrics and performance analysis.,admin@project.com,project.com,,,,,,0
bundled_local,EMAIL_000130,Confirm Your Identity Now,Congratulations! You've won $5000. Claim your prize: bit.ly/7ko5wr,Confirm Your Identity Now Congratulations! You've won $5000. Claim your prize: bit.ly/7ko5wr,noreply@amaz0n-security.com,amaz0n-security.com,,,,,,1
bundled_local,EMAIL_000982,New Feature Release Notes,Thank you for attending our webinar. Here's the recording link.,New Feature Release Notes Thank you for attending our webinar. Here's the recording link.,team@workplace.com,workplace.com,,,,,,0
bundled_local,EMAIL_000160,Your Package Delivery Failed,We noticed unusual activity. Please confirm your password: bit.ly/991rn3,Your Package Delivery Failed We noticed unusual activity. Please confirm your password: bit.ly/991rn3,admin@bank-security-check.xyz,bank-security-check.xyz,,,,,,1
bundled_local,EMAIL_000885,Welcome to Our Newsletter,Attached is the updated project timeline. Please review and provide feedback.,Welcome to Our Newsletter Attached is the updated project timeline. Please review and provide feedback.,notifications@app.com,app.com,,,,,,0
bundled_local,EMAIL_000234,Your Package Delivery Failed,Amazon detected unauthorized access. Verify your account: bit.ly/d8r6c1,Your Package Delivery Failed Amazon detected unauthorized access. Verify your account: bit.ly/d8r6c1,verify@micros0ft-account.ru,micros0ft-account.ru,,,,,,1
bundled_local,EMAIL_000560,Your Order Confirmation,We've improved our security. No action needed from you.,Your Order Confirmation We've improved our security. No action needed from you.,support@service.com,service.com,,,,,,0
bundled_local,EMAIL_000820,Welcome to Our Newsletter,Here's the monthly report with our latest metrics and performance analysis.,Welcome to Our Newsletter Here's the monthly report with our latest metrics and performance analysis.,admin@project.com,project.com,,,,,,0
bundled_local,EMAIL_000276,Action Required: Unusual Activity Detected,Your payment method has expired. Update it now: bit.ly/08wb1o,Action Required: Unusual Activity Detected Your payment method has expired. Update it now: bit.ly/08wb1o,noreply@amaz0n-security.com,amaz0n-security.com,,,,,,1
bundled_local,EMAIL_000433,Click Here to Confirm Your Password,Your payment method has expired. Update it now: bit.ly/76l68u,Click Here to Confirm Your Password Your payment method has expired. Update it now: bit.ly/76l68u,support@paypa1-verify.com,paypa1-verify.com,,,,,,1
bundled_local,EMAIL_000720,Project Update - Q3 Results,Attached is the updated project timeline. Please review and provide feedback.,Project Update - Q3 Results Attached is the updated project timeline. Please review and provide feedback.,orders@store.com,store.com,,,,,,0
bundled_local,EMAIL_000403,Your Package Delivery Failed,Your payment method has expired. Update it now: bit.ly/iynwjj,Your Package Delivery Failed Your payment method has expired. Update it now: bit.ly/iynwjj,security@google-account.tk,google-account.tk,,,,,,1
bundled_local,EMAIL_000207,Update Payment Method Required,Your Microsoft account needs immediate attention: bit.ly/b41oj9,Update Payment Method Required Your Microsoft account needs immediate attention: bit.ly/b41oj9,security@google-account.tk,google-account.tk,,,,,,1
bundled_local,EMAIL_000140,Bank Security Alert,Click here immediately to verify your account before it gets suspended: bit.ly/i6slbz,Bank Security Alert Click here immediately to verify your account before it gets suspended: bit.ly/i6slbz,support@paypa1-verify.com,paypa1-verify.com,,,,,,1
bundled_local,EMAIL_000196,Update Payment Method Required,Your payment method has expired. Update it now: bit.ly/3fc05l,Update Payment Method Required Your payment method has expired. Update it now: bit.ly/3fc05l,noreply@amaz0n-security.com,amaz0n-security.com,,,,,,1
bundled_local,EMAIL_000293,Your Account Has Been Compromised,We noticed unusual activity. Please confirm your password: bit.ly/yl06z1,Your Account Has Been Compromised We noticed unusual activity. Please confirm your password: bit.ly/yl06z1,admin@bank-security-check.xyz,bank-security-check.xyz,,,,,,1
bundled_local,EMAIL_000404,Your Account Has Been Compromised,Confirm receipt of package: bit.ly/bzncur,Your Account Has Been Compromised Confirm receipt of package: bit.ly/bzncur,support@paypa1-verify.com,paypa1-verify.com,,,,,,1
bundled_local,EMAIL_000873,Your Reservation Confirmation,Attached is the updated project timeline. Please review and provide feedback.,Your Reservation Confirmation Attached is the updated project timeline. Please review and provide feedback.,support@service.com,service.com,,,,,,0
bundled_local,EMAIL_000255,Congratulations! You've Won a Prize,Your Microsoft account needs immediate attention: bit.ly/jy6z1u,Congratulations! You've Won a Prize Your Microsoft account needs immediate attention: bit.ly/jy6z1u,admin@bank-security-check.xyz,bank-security-check.xyz,,,,,,1
bundled_local,EMAIL_000307,Action Required: Unusual Activity Detected,We noticed unusual activity. Please confirm your password: bit.ly/ewnh4b,Action Required: Unusual Activity Detected We noticed unusual activity. Please confirm your password: bit.ly/ewnh4b,verify@micros0ft-account.ru,micros0ft-account.ru,,,,,,1
bundled_local,EMAIL_000372,Your Account Has Been Compromised,Amazon detected unauthorized access. Verify your account: bit.ly/d2zwo7,Your Account Has Been Compromised Amazon detected unauthorized access. Verify your account: bit.ly/d2zwo7,support@paypa1-verify.com,paypa1-verify.com,,,,,,1
bundled_local,EMAIL_000429,Bank Security Alert,Click here immediately to verify your account before it gets suspended: bit.ly/oaj6b4,Bank Security Alert Click here immediately to verify your account before it gets suspended: bit.ly/oaj6b4,support@paypa1-verify.com,paypa1-verify.com,,,,,,1
bundled_local,EMAIL_000631,Project Update - Q3 Results,Welcome to our subscriber community. You'll receive weekly updates on new features.,Project Update - Q3 Results Welcome to our subscriber community. You'll receive weekly updates on new features.,support@service.com,service.com,,,,,,0
bundled_local,EMAIL_000745,Your Reservation Confirmation,Here's the monthly report with our latest metrics and performance analysis.,Your Reservation Confirmation Here's the monthly report with our latest metrics and performance analysis.,newsletter@brand.com,brand.com,,,,,,0
bundled_local,EMAIL_000401,Your Package Delivery Failed,We noticed unusual activity. Please confirm your password: bit.ly/d3q003,Your Package Delivery Failed We noticed unusual activity. Please confirm your password: bit.ly/d3q003,support@paypa1-verify.com,paypa1-verify.com,,,,,,1
bundled_local,EMAIL_000482,Refund Pending - Claim Now,IRS tax refund ready for pickup. Claim here: bit.ly/obrgbf,Refund Pending - Claim Now IRS tax refund ready for pickup. Claim here: bit.ly/obrgbf,admin@bank-security-check.xyz,bank-security-check.xyz,,,,,,1
bundled_local,EMAIL_000767,Password Changed Successfully,Thank you for your order! Your item will be shipped within 2 business days.,Password Changed Successfully Thank you for your order! Your item will be shipped within 2 business days.,admin@project.com,project.com,,,,,,0
bundled_local,EMAIL_000163,Update Payment Method Required,PayPal security alert. Confirm your information: bit.ly/xe5jqu,Update Payment Method Required PayPal security alert. Confirm your information: bit.ly/xe5jqu,admin@bank-security-check.xyz,bank-security-check.xyz,,,,,,1
bundled_local,EMAIL_000393,Update Payment Method Required,PayPal security alert. Confirm your information: bit.ly/167u73,Update Payment Method Required PayPal security alert. Confirm your information: bit.ly/167u73,verify@micros0ft-account.ru,micros0ft-account.ru,,,,,,1
bundled_local,EMAIL_000491,Your Package Delivery Failed,Amazon detected unauthorized access. Verify your account: bit.ly/mdinxz,Your Package Delivery Failed Amazon detected unauthorized access. Verify your account: bit.ly/mdinxz,admin@bank-security-check.xyz,bank-security-check.xyz,,,,,,1
bundled_local,EMAIL_000115,Bank Security Alert,PayPal security alert. Confirm your information: bit.ly/zx6bwk,Bank Security Alert PayPal security alert. Confirm your information: bit.ly/zx6bwk,admin@bank-security-check.xyz,bank-security-check.xyz,,,,,,1
bundled_local,EMAIL_000127,Congratulations! You've Won a Prize,Confirm receipt of package: bit.ly/pi3lua,Congratulations! You've Won a Prize Confirm receipt of package: bit.ly/pi3lua,support@paypa1-verify.com,paypa1-verify.com,,,,,,1
bundled_local,EMAIL_000890,Your Order Confirmation,Your subscription has been renewed. Thank you for your continued support.,Your Order Confirmation Your subscription has been renewed. Thank you for your continued support.,newsletter@brand.com,brand.com,,,,,,0
bundled_local,EMAIL_000267,Confirm Your Identity Now,IRS tax refund ready for pickup. Claim here: bit.ly/nx07i9,Confirm Your Identity Now IRS tax refund ready for pickup. Claim here: bit.ly/nx07i9,help@applesupport-verify.net,applesupport-verify.net,,,,,,1
bundled_local,EMAIL_000309,Confirm Your Identity Now,Your Microsoft account needs immediate attention: bit.ly/8olgei,Confirm Your Identity Now Your Microsoft account needs immediate attention: bit.ly/8olgei,security@google-account.tk,google-account.tk,,,,,,1
bundled_local,EMAIL_000302,Bank Security Alert,Congratulations! You've won $5000. Claim your prize: bit.ly/n78y46,Bank Security Alert Congratulations! You've won $5000. Claim your prize: bit.ly/n78y46,support@paypa1-verify.com,paypa1-verify.com,,,,,,1
bundled_local,EMAIL_000071,Bank Security Alert,Click here immediately to verify your account before it gets suspended: bit.ly/nbwxpb,Bank Security Alert Click here immediately to verify your account before it gets suspended: bit.ly/nbwxpb,noreply@amaz0n-security.com,amaz0n-security.com,,,,,,1
bundled_local,EMAIL_000287,Congratulations! You've Won a Prize,Your Netflix subscription needs updating: bit.ly/klyw9q,Congratulations! You've Won a Prize Your Netflix subscription needs updating: bit.ly/klyw9q,support@paypa1-verify.com,paypa1-verify.com,,,,,,1
bundled_local,EMAIL_000369,Congratulations! You've Won a Prize,Your Netflix subscription needs updating: bit.ly/13fjij,Congratulations! You've Won a Prize Your Netflix subscription needs updating: bit.ly/13fjij,admin@bank-security-check.xyz,bank-security-check.xyz,,,,,,1
bundled_local,EMAIL_000397,Click Here to Confirm Your Password,Your Microsoft account needs immediate attention: bit.ly/lw3plz,Click Here to Confirm Your Password Your Microsoft account needs immediate attention: bit.ly/lw3plz,support@paypa1-verify.com,paypa1-verify.com,,,,,,1
bundled_local,EMAIL_000197,Bank Security Alert,PayPal security alert. Confirm your information: bit.ly/4ybt0x,Bank Security Alert PayPal security alert. Confirm your information: bit.ly/4ybt0x,security@google-account.tk,google-account.tk,,,,,,1
bundled_local,EMAIL_000637,Team Lunch This Friday,The team meeting has been rescheduled to Friday at 3 PM. See you then!,Team Lunch This Friday The team meeting has been rescheduled to Friday at 3 PM. See you then!,newsletter@brand.com,brand.com,,,,,,0
bundled_local,EMAIL_000597,Project Update - Q3 Results,We've improved our security. No action needed from you.,Project Update - Q3 Results We've improved our security. No action needed from you.,admin@project.com,project.com,,,,,,0
bundled_local,EMAIL_000863,Team Lunch This Friday,"Your password has been successfully changed. If this wasn't you, contact support.","Team Lunch This Friday Your password has been successfully changed. If this wasn't you, contact support.",notifications@app.com,app.com,,,,,,0
bundled_local,EMAIL_000334,Urgent: Verify Your Account,Confirm receipt of package: bit.ly/42slxq,Urgent: Verify Your Account Confirm receipt of package: bit.ly/42slxq,noreply@amaz0n-security.com,amaz0n-security.com,,,,,,1
bundled_local,EMAIL_000810,New Feature Release Notes,Here's the monthly report with our latest metrics and performance analysis.,New Feature Release Notes Here's the monthly report with our latest metrics and performance analysis.,admin@project.com,project.com,,,,,,0
bundled_local,EMAIL_000662,New Feature Release Notes,Thank you for your order! Your item will be shipped within 2 business days.,New Feature Release Notes Thank you for your order! Your item will be shipped within 2 business days.,admin@project.com,project.com,,,,,,0
bundled_local,EMAIL_000590,Team Lunch This Friday,Attached is the updated project timeline. Please review and provide feedback.,Team Lunch This Friday Attached is the updated project timeline. Please review and provide feedback.,support@service.com,service.com,,,,,,0
bundled_local,EMAIL_000226,Congratulations! You've Won a Prize,Amazon detected unauthorized access. Verify your account: bit.ly/bxkz80,Congratulations! You've Won a Prize Amazon detected unauthorized access. Verify your account: bit.ly/bxkz80,support@paypa1-verify.com,paypa1-verify.com,,,,,,1
bundled_local,EMAIL_000422,Refund Pending - Claim Now,Your Microsoft account needs immediate attention: bit.ly/i0p61f,Refund Pending - Claim Now Your Microsoft account needs immediate attention: bit.ly/i0p61f,noreply@amaz0n-security.com,amaz0n-security.com,,,,,,1
bundled_local,EMAIL_000387,Update Payment Method Required,Your Netflix subscription needs updating: bit.ly/9329lx,Update Payment Method Required Your Netflix subscription needs updating: bit.ly/9329lx,verify@micros0ft-account.ru,micros0ft-account.ru,,,,,,1
bundled_local,EMAIL_000323,Click Here to Confirm Your Password,Congratulations! You've won $5000. Claim your prize: bit.ly/bblmbk,Click Here to Confirm Your Password Congratulations! You've won $5000. Claim your prize: bit.ly/bblmbk,help@applesupport-verify.net,applesupport-verify.net,,,,,,1
bundled_local,EMAIL_000178,Confirm Your Identity Now,Your Microsoft account needs immediate attention: bit.ly/b1xsid,Confirm Your Identity Now Your Microsoft account needs immediate attention: bit.ly/b1xsid,security@google-account.tk,google-account.tk,,,,,,1
bundled_local,EMAIL_000312,Action Required: Unusual Activity Detected,Your payment method has expired. Update it now: bit.ly/ojpuz1,Action Required: Unusual Activity Detected Your payment method has expired. Update it now: bit.ly/ojpuz1,verify@micros0ft-account.ru,micros0ft-account.ru,,,,,,1
bundled_local,EMAIL_000971,New Feature Release Notes,The team meeting has been rescheduled to Friday at 3 PM. See you then!,New Feature Release Notes The team meeting has been rescheduled to Friday at 3 PM. See you then!,newsletter@brand.com,brand.com,,,,,,0
bundled_local,EMAIL_000578,Monthly Report Attached,Thank you for attending our webinar. Here's the recording link.,Monthly Report Attached Thank you for attending our webinar. Here's the recording link.,admin@project.com,project.com,,,,,,0
bundled_local,EMAIL_000793,Your Order Confirmation,Here's the monthly report with our latest metrics and performance analysis.,Your Order Confirmation Here's the monthly report with our latest metrics and performance analysis.,support@service.com,service.com,,,,,,0
bundled_local,EMAIL_000493,Action Required: Unusual Activity Detected,PayPal security alert. Confirm your information: bit.ly/27m1a7,Action Required: Unusual Activity Detected PayPal security alert. Confirm your information: bit.ly/27m1a7,noreply@amaz0n-security.com,amaz0n-security.com,,,,,,1
bundled_local,EMAIL_000134,Congratulations! You've Won a Prize,PayPal security alert. Confirm your information: bit.ly/8wxb01,Congratulations! You've Won a Prize PayPal security alert. Confirm your information: bit.ly/8wxb01,admin@bank-security-check.xyz,bank-security-check.xyz,,,,,,1
bundled_local,EMAIL_000613,Annual Leave Request Approved,Your subscription has been renewed. Thank you for your continued support.,Annual Leave Request Approved Your subscription has been renewed. Thank you for your continued support.,team@workplace.com,workplace.com,,,,,,0
bundled_local,EMAIL_000321,Your Package Delivery Failed,Your Netflix subscription needs updating: bit.ly/deral2,Your Package Delivery Failed Your Netflix subscription needs updating: bit.ly/deral2,admin@bank-security-check.xyz,bank-security-check.xyz,,,,,,1
bundled_local,EMAIL_000233,Refund Pending - Claim Now,Your payment method has expired. Update it now: bit.ly/nue5x5,Refund Pending - Claim Now Your payment method has expired. Update it now: bit.ly/nue5x5,noreply@amaz0n-security.com,amaz0n-security.com,,,,,,1
bundled_local,EMAIL_000449,Bank Security Alert,Amazon detected unauthorized access. Verify your account: bit.ly/dq99xd,Bank Security Alert Amazon detected unauthorized access. Verify your account: bit.ly/dq99xd,help@applesupport-verify.net,applesupport-verify.net,,,,,,1
bundled_local,EMAIL_000345,Bank Security Alert,Your Netflix subscription needs updating: bit.ly/cu8593,Bank Security Alert Your Netflix subscription needs updating: bit.ly/cu8593,verify@micros0ft-account.ru,micros0ft-account.ru,,,,,,1
bundled_local,EMAIL_000645,New Feature Release Notes,Welcome to our subscriber community. You'll receive weekly updates on new features.,New Feature Release Notes Welcome to our subscriber community. You'll receive weekly updates on new features.,admin@project.com,project.com,,,,,,0
bundled_local,EMAIL_000608,Your Order Confirmation,Thank you for your order! Your item will be shipped within 2 business days.,Your Order Confirmation Thank you for your order! Your item will be shipped within 2 business days.,support@service.com,service.com,,,,,,0
bundled_local,EMAIL_000630,Your Reservation Confirmation,Welcome to our subscriber community. You'll receive weekly updates on new features.,Your Reservation Confirmation Welcome to our subscriber community. You'll receive weekly updates on new features.,orders@store.com,store.com,,,,,,0
bundled_local,EMAIL_000769,Monthly Report Attached,The team meeting has been rescheduled to Friday at 3 PM. See you then!,Monthly Report Attached The team meeting has been rescheduled to Friday at 3 PM. See you then!,orders@store.com,store.com,,,,,,0
bundled_local,EMAIL_000168,Bank Security Alert,Your Netflix subscription needs updating: bit.ly/y5ysx5,Bank Security Alert Your Netflix subscription needs updating: bit.ly/y5ysx5,admin@bank-security-check.xyz,bank-security-check.xyz,,,,,,1
bundled_local,EMAIL_000026,Action Required: Unusual Activity Detected,Amazon detected unauthorized access. Verify your account: bit.ly/m6uo5x,Action Required: Unusual Activity Detected Amazon detected unauthorized access. Verify your account: bit.ly/m6uo5x,security@google-account.tk,google-account.tk,,,,,,1
bundled_local,EMAIL_000330,Action Required: Unusual Activity Detected,IRS tax refund ready for pickup. Claim here: bit.ly/16hzy3,Action Required: Unusual Activity Detected IRS tax refund ready for pickup. Claim here: bit.ly/16hzy3,support@paypa1-verify.com,paypa1-verify.com,,,,,,1
bundled_local,EMAIL_000741,Team Lunch This Friday,We've improved our security. No action needed from you.,Team Lunch This Friday We've improved our security. No action needed from you.,newsletter@brand.com,brand.com,,,,,,0
bundled_local,EMAIL_000419,Bank Security Alert,Your payment method has expired. Update it now: bit.ly/ie9z9i,Bank Security Alert Your payment method has expired. Update it now: bit.ly/ie9z9i,admin@bank-security-check.xyz,bank-security-check.xyz,,,,,,1
bundled_local,EMAIL_000415,Urgent: Verify Your Account,Click here immediately to verify your account before it gets suspended: bit.ly/2vhnas,Urgent: Verify Your Account Click here immediately to verify your account before it gets suspended: bit.ly/2vhnas,help@applesupport-verify.net,applesupport-verify.net,,,,,,1
bundled_local,EMAIL_000997,New Feature Release Notes,"Hi, just wanted to follow up on our discussion. Looking forward to the meeting tomorrow.","New Feature Release Notes Hi, just wanted to follow up on our discussion. Looking forward to the meeting tomorrow.",hr@company.com,company.com,,,,,,0
bundled_local,EMAIL_000108,Congratulations! You've Won a Prize,We noticed unusual activity. Please confirm your password: bit.ly/osm7b4,Congratulations! You've Won a Prize We noticed unusual activity. Please confirm your password: bit.ly/osm7b4,support@paypa1-verify.com,paypa1-verify.com,,,,,,1
bundled_local,EMAIL_000794,Your Order Confirmation,"Hi, just wanted to follow up on our discussion. Looking forward to the meeting tomorrow.","Your Order Confirmation Hi, just wanted to follow up on our discussion. Looking forward to the meeting tomorrow.",hr@company.com,company.com,,,,,,0
bundled_local,EMAIL_000077,Your Package Delivery Failed,We noticed unusual activity. Please confirm your password: bit.ly/eetbe7,Your Package Delivery Failed We noticed unusual activity. Please confirm your password: bit.ly/eetbe7,admin@bank-security-check.xyz,bank-security-check.xyz,,,,,,1
bundled_local,EMAIL_000256,Your Account Has Been Compromised,Your Netflix subscription needs updating: bit.ly/1w34b6,Your Account Has Been Compromised Your Netflix subscription needs updating: bit.ly/1w34b6,admin@bank-security-check.xyz,bank-security-check.xyz,,,,,,1
bundled_local,EMAIL_000377,Your Account Has Been Compromised,Your Microsoft account needs immediate attention: bit.ly/995h0k,Your Account Has Been Compromised Your Microsoft account needs immediate attention: bit.ly/995h0k,security@google-account.tk,google-account.tk,,,,,,1
bundled_local,EMAIL_000669,Team Lunch This Friday,"Hi, just wanted to follow up on our discussion. Looking forward to the meeting tomorrow.","Team Lunch This Friday Hi, just wanted to follow up on our discussion. Looking forward to the meeting tomorrow.",team@workplace.com,workplace.com,,,,,,0
bundled_local,EMAIL_000710,Password Changed Successfully,"Hi, just wanted to follow up on our discussion. Looking forward to the meeting tomorrow.","Password Changed Successfully Hi, just wanted to follow up on our discussion. Looking forward to the meeting tomorrow.",orders@store.com,store.com,,,,,,0
bundled_local,EMAIL_000241,Congratulations! You've Won a Prize,Your payment method has expired. Update it now: bit.ly/h8sjvz,Congratulations! You've Won a Prize Your payment method has expired. Update it now: bit.ly/h8sjvz,security@google-account.tk,google-account.tk,,,,,,1
bundled_local,EMAIL_000034,Refund Pending - Claim Now,Confirm receipt of package: bit.ly/ire8jl,Refund Pending - Claim Now Confirm receipt of package: bit.ly/ire8jl,support@paypa1-verify.com,paypa1-verify.com,,,,,,1
bundled_local,EMAIL_000389,Refund Pending - Claim Now,Amazon detected unauthorized access. Verify your account: bit.ly/az0eri,Refund Pending - Claim Now Amazon detected unauthorized access. Verify your account: bit.ly/az0eri,support@paypa1-verify.com,paypa1-verify.com,,,,,,1
bundled_local,EMAIL_000456,Your Package Delivery Failed,Amazon detected unauthorized access. Verify your account: bit.ly/euw72q,Your Package Delivery Failed Amazon detected unauthorized access. Verify your account: bit.ly/euw72q,verify@micros0ft-account.ru,micros0ft-account.ru,,,,,,1
bundled_local,EMAIL_000145,Action Required: Unusual Activity Detected,Your Netflix subscription needs updating: bit.ly/q0b2ad,Action Required: Unusual Activity Detected Your Netflix subscription needs updating: bit.ly/q0b2ad,noreply@amaz0n-security.com,amaz0n-security.com,,,,,,1
bundled_local,EMAIL_000424,Click Here to Confirm Your Password,Click here immediately to verify your account before it gets suspended: bit.ly/3ek2ga,Click Here to Confirm Your Password Click here immediately to verify your account before it gets suspended: bit.ly/3ek2ga,support@paypa1-verify.com,paypa1-verify.com,,,,,,1
bundled_local,EMAIL_000946,Team Lunch This Friday,Thank you for attending our webinar. Here's the recording link.,Team Lunch This Friday Thank you for attending our webinar. Here's the recording link.,admin@project.com,project.com,,,,,,0
bundled_local,EMAIL_000179,Your Account Has Been Compromised,Click here immediately to verify your account before it gets suspended: bit.ly/oiypof,Your Account Has Been Compromised Click here immediately to verify your account before it gets suspended: bit.ly/oiypof,support@paypa1-verify.com,paypa1-verify.com,,,,,,1
bundled_local,EMAIL_000047,Urgent: Verify Your Account,Amazon detected unauthorized access. Verify your account: bit.ly/2jc2j3,Urgent: Verify Your Account Amazon detected unauthorized access. Verify your account: bit.ly/2jc2j3,security@google-account.tk,google-account.tk,,,,,,1
bundled_local,EMAIL_000162,Click Here to Confirm Your Password,Amazon detected unauthorized access. Verify your account: bit.ly/8834l9,Click Here to Confirm Your Password Amazon detected unauthorized access. Verify your account: bit.ly/8834l9,support@paypa1-verify.com,paypa1-verify.com,,,,,,1
bundled_local,EMAIL_000701,Your Order Confirmation,Thank you for attending our webinar. Here's the recording link.,Your Order Confirmation Thank you for attending our webinar. Here's the recording link.,notifications@app.com,app.com,,,,,,0
bundled_local,EMAIL_000055,Your Account Has Been Compromised,Your Microsoft account needs immediate attention: bit.ly/16q9xa,Your Account Has Been Compromised Your Microsoft account needs immediate attention: bit.ly/16q9xa,admin@bank-security-check.xyz,bank-security-check.xyz,,,,,,1
bundled_local,EMAIL_000206,Urgent: Verify Your Account,Confirm receipt of package: bit.ly/9ev4om,Urgent: Verify Your Account Confirm receipt of package: bit.ly/9ev4om,support@paypa1-verify.com,paypa1-verify.com,,,,,,1
bundled_local,EMAIL_000138,Bank Security Alert,Your Netflix subscription needs updating: bit.ly/n5bz0e,Bank Security Alert Your Netflix subscription needs updating: bit.ly/n5bz0e,security@google-account.tk,google-account.tk,,,,,,1
bundled_local,EMAIL_000125,Action Required: Unusual Activity Detected,Confirm receipt of package: bit.ly/wh0tjr,Action Required: Unusual Activity Detected Confirm receipt of package: bit.ly/wh0tjr,admin@bank-security-check.xyz,bank-security-check.xyz,,,,,,1
bundled_local,EMAIL_000109,Congratulations! You've Won a Prize,Congratulations! You've won $5000. Claim your prize: bit.ly/k4bzws,Congratulations! You've Won a Prize Congratulations! You've won $5000. Claim your prize: bit.ly/k4bzws,admin@bank-security-check.xyz,bank-security-check.xyz,,,,,,1
bundled_local,EMAIL_000811,Annual Leave Request Approved,Thank you for your order! Your item will be shipped within 2 business days.,Annual Leave Request Approved Thank you for your order! Your item will be shipped within 2 business days.,admin@project.com,project.com,,,,,,0
bundled_local,EMAIL_000365,Update Payment Method Required,Click here immediately to verify your account before it gets suspended: bit.ly/d052cw,Update Payment Method Required Click here immediately to verify your account before it gets suspended: bit.ly/d052cw,admin@bank-security-check.xyz,bank-security-check.xyz,,,,,,1
bundled_local,EMAIL_000460,Refund Pending - Claim Now,Your Netflix subscription needs updating: bit.ly/wcfgcx,Refund Pending - Claim Now Your Netflix subscription needs updating: bit.ly/wcfgcx,admin@bank-security-check.xyz,bank-security-check.xyz,,,,,,1
bundled_local,EMAIL_000153,Click Here to Confirm Your Password,Congratulations! You've won $5000. Claim your prize: bit.ly/blwvju,Click Here to Confirm Your Password Congratulations! You've won $5000. Claim your prize: bit.ly/blwvju,help@applesupport-verify.net,applesupport-verify.net,,,,,,1
bundled_local,EMAIL_000249,Bank Security Alert,IRS tax refund ready for pickup. Claim here: bit.ly/jsrvga,Bank Security Alert IRS tax refund ready for pickup. Claim here: bit.ly/jsrvga,admin@bank-security-check.xyz,bank-security-check.xyz,,,,,,1
bundled_local,EMAIL_000271,Confirm Your Identity Now,Confirm receipt of package: bit.ly/a4thr1,Confirm Your Identity Now Confirm receipt of package: bit.ly/a4thr1,verify@micros0ft-account.ru,micros0ft-account.ru,,,,,,1
bundled_local,EMAIL_000492,Click Here to Confirm Your Password,PayPal security alert. Confirm your information: bit.ly/8rdtia,Click Here to Confirm Your Password PayPal security alert. Confirm your information: bit.ly/8rdtia,help@applesupport-verify.net,applesupport-verify.net,,,,,,1
bundled_local,EMAIL_000177,Refund Pending - Claim Now,Your payment method has expired. Update it now: bit.ly/hazni9,Refund Pending - Claim Now Your payment method has expired. Update it now: bit.ly/hazni9,admin@bank-security-check.xyz,bank-security-check.xyz,,,,,,1
bundled_local,EMAIL_000451,Action Required: Unusual Activity Detected,PayPal security alert. Confirm your information: bit.ly/13w2pp,Action Required: Unusual Activity Detected PayPal security alert. Confirm your information: bit.ly/13w2pp,help@applesupport-verify.net,applesupport-verify.net,,,,,,1
bundled_local,EMAIL_000762,Your Reservation Confirmation,We've improved our security. No action needed from you.,Your Reservation Confirmation We've improved our security. No action needed from you.,notifications@app.com,app.com,,,,,,0
bundled_local,EMAIL_000041,Bank Security Alert,Amazon detected unauthorized access. Verify your account: bit.ly/l4liir,Bank Security Alert Amazon detected unauthorized access. Verify your account: bit.ly/l4liir,security@google-account.tk,google-account.tk,,,,,,1
bundled_local,EMAIL_000235,Bank Security Alert,Your Microsoft account needs immediate attention: bit.ly/8gd3mk,Bank Security Alert Your Microsoft account needs immediate attention: bit.ly/8gd3mk,security@google-account.tk,google-account.tk,,,,,,1
bundled_local,EMAIL_000283,Update Payment Method Required,Your Microsoft account needs immediate attention: bit.ly/4ye4xg,Update Payment Method Required Your Microsoft account needs immediate attention: bit.ly/4ye4xg,security@google-account.tk,google-account.tk,,,,,,1
bundled_local,EMAIL_000822,Project Update - Q3 Results,Your subscription has been renewed. Thank you for your continued support.,Project Update - Q3 Results Your subscription has been renewed. Thank you for your continued support.,team@workplace.com,workplace.com,,,,,,0
bundled_local,EMAIL_000152,Congratulations! You've Won a Prize,Your Netflix subscription needs updating: bit.ly/x7cu00,Congratulations! You've Won a Prize Your Netflix subscription needs updating: bit.ly/x7cu00,admin@bank-security-check.xyz,bank-security-check.xyz,,,,,,1
bundled_local,EMAIL_000914,Project Update - Q3 Results,The team meeting has been rescheduled to Friday at 3 PM. See you then!,Project Update - Q3 Results The team meeting has been rescheduled to Friday at 3 PM. See you then!,admin@project.com,project.com,,,,,,0
bundled_local,EMAIL_000437,Confirm Your Identity Now,Your Netflix subscription needs updating: bit.ly/ntubg4,Confirm Your Identity Now Your Netflix subscription needs updating: bit.ly/ntubg4,noreply@amaz0n-security.com,amaz0n-security.com,,,,,,1
bundled_local,EMAIL_000030,Congratulations! You've Won a Prize,Confirm receipt of package: bit.ly/ret9zo,Congratulations! You've Won a Prize Confirm receipt of package: bit.ly/ret9zo,support@paypa1-verify.com,paypa1-verify.com,,,,,,1
bundled_local,EMAIL_000118,Your Account Has Been Compromised,Congratulations! You've won $5000. Claim your prize: bit.ly/9bjsvf,Your Account Has Been Compromised Congratulations! You've won $5000. Claim your prize: bit.ly/9bjsvf,admin@bank-security-check.xyz,bank-security-check.xyz,,,,,,1
bundled_local,EMAIL_000472,Your Account Has Been Compromised,Confirm receipt of package: bit.ly/4xcb38,Your Account Has Been Compromised Confirm receipt of package: bit.ly/4xcb38,help@applesupport-verify.net,applesupport-verify.net,,,,,,1
bundled_local,EMAIL_000376,Click Here to Confirm Your Password,We noticed unusual activity. Please confirm your password: bit.ly/l4bvfz,Click Here to Confirm Your Password We noticed unusual activity. Please confirm your password: bit.ly/l4bvfz,help@applesupport-verify.net,applesupport-verify.net,,,,,,1
bundled_local,EMAIL_000176,Congratulations! You've Won a Prize,We noticed unusual activity. Please confirm your password: bit.ly/nby5iz,Congratulations! You've Won a Prize We noticed unusual activity. Please confirm your password: bit.ly/nby5iz,verify@micros0ft-account.ru,micros0ft-account.ru,,,,,,1
bundled_local,EMAIL_000228,Action Required: Unusual Activity Detected,IRS tax refund ready for pickup. Claim here: bit.ly/30ajso,Action Required: Unusual Activity Detected IRS tax refund ready for pickup. Claim here: bit.ly/30ajso,help@applesupport-verify.net,applesupport-verify.net,,,,,,1
bundled_local,EMAIL_000441,Confirm Your Identity Now,Amazon detected unauthorized access. Verify your account: bit.ly/yoeg7z,Confirm Your Identity Now Amazon detected unauthorized access. Verify your account: bit.ly/yoeg7z,security@google-account.tk,google-account.tk,,,,,,1
bundled_local,EMAIL_000413,Urgent: Verify Your Account,Click here immediately to verify your account before it gets suspended: bit.ly/6jqlzr,Urgent: Verify Your Account Click here immediately to verify your account before it gets suspended: bit.ly/6jqlzr,admin@bank-security-check.xyz,bank-security-check.xyz,,,,,,1
bundled_local,EMAIL_000002,Action Required: Unusual Activity Detected,We noticed unusual activity. Please confirm your password: bit.ly/dbbj0i,Action Required: Unusual Activity Detected We noticed unusual activity. Please confirm your password: bit.ly/dbbj0i,support@paypa1-verify.com,paypa1-verify.com,,,,,,1
bundled_local,EMAIL_000634,Welcome to Our Newsletter,Thank you for attending our webinar. Here's the recording link.,Welcome to Our Newsletter Thank you for attending our webinar. Here's the recording link.,noreply@company.com,company.com,,,,,,0
bundled_local,EMAIL_000335,Bank Security Alert,Your Netflix subscription needs updating: bit.ly/z0on21,Bank Security Alert Your Netflix subscription needs updating: bit.ly/z0on21,noreply@amaz0n-security.com,amaz0n-security.com,,,,,,1
bundled_local,EMAIL_000408,Confirm Your Identity Now,IRS tax refund ready for pickup. Claim here: bit.ly/3dprso,Confirm Your Identity Now IRS tax refund ready for pickup. Claim here: bit.ly/3dprso,help@applesupport-verify.net,applesupport-verify.net,,,,,,1
bundled_local,EMAIL_000253,Urgent: Verify Your Account,Your payment method has expired. Update it now: bit.ly/iud6fv,Urgent: Verify Your Account Your payment method has expired. Update it now: bit.ly/iud6fv,noreply@amaz0n-security.com,amaz0n-security.com,,,,,,1
bundled_local,EMAIL_000252,Congratulations! You've Won a Prize,Amazon detected unauthorized access. Verify your account: bit.ly/mfth7i,Congratulations! You've Won a Prize Amazon detected unauthorized access. Verify your account: bit.ly/mfth7i,support@paypa1-verify.com,paypa1-verify.com,,,,,,1
bundled_local,EMAIL_000799,Monthly Report Attached,"Hi, just wanted to follow up on our discussion. Looking forward to the meeting tomorrow.","Monthly Report Attached Hi, just wanted to follow up on our discussion. Looking forward to the meeting tomorrow.",orders@store.com,store.com,,,,,,0
bundled_local,EMAIL_000453,Click Here to Confirm Your Password,We noticed unusual activity. Please confirm your password: bit.ly/h6l6r4,Click Here to Confirm Your Password We noticed unusual activity. Please confirm your password: bit.ly/h6l6r4,security@google-account.tk,google-account.tk,,,,,,1
bundled_local,EMAIL_000112,Your Account Has Been Compromised,Your Netflix subscription needs updating: bit.ly/qj0tnz,Your Account Has Been Compromised Your Netflix subscription needs updating: bit.ly/qj0tnz,help@applesupport-verify.net,applesupport-verify.net,,,,,,1
bundled_local,EMAIL_000014,Urgent: Verify Your Account,Your payment method has expired. Update it now: bit.ly/0xoo1e,Urgent: Verify Your Account Your payment method has expired. Update it now: bit.ly/0xoo1e,help@applesupport-verify.net,applesupport-verify.net,,,,,,1
bundled_local,EMAIL_000265,Action Required: Unusual Activity Detected,Click here immediately to verify your account before it gets suspended: bit.ly/9y0aez,Action Required: Unusual Activity Detected Click here immediately to verify your account before it gets suspended: bit.ly/9y0aez,help@applesupport-verify.net,applesupport-verify.net,,,,,,1
bundled_local,EMAIL_000141,Click Here to Confirm Your Password,Confirm receipt of package: bit.ly/6p7ay7,Click Here to Confirm Your Password Confirm receipt of package: bit.ly/6p7ay7,noreply@amaz0n-security.com,amaz0n-security.com,,,,,,1
bundled_local,EMAIL_000483,Refund Pending - Claim Now,Your payment method has expired. Update it now: bit.ly/asht5p,Refund Pending - Claim Now Your payment method has expired. Update it now: bit.ly/asht5p,support@paypa1-verify.com,paypa1-verify.com,,,,,,1
bundled_local,EMAIL_000421,Confirm Your Identity Now,Click here immediately to verify your account before it gets suspended: bit.ly/xie4h8,Confirm Your Identity Now Click here immediately to verify your account before it gets suspended: bit.ly/xie4h8,support@paypa1-verify.com,paypa1-verify.com,,,,,,1
bundled_local,EMAIL_000248,Urgent: Verify Your Account,Your payment method has expired. Update it now: bit.ly/w8fjjn,Urgent: Verify Your Account Your payment method has expired. Update it now: bit.ly/w8fjjn,help@applesupport-verify.net,applesupport-verify.net,,,,,,1
bundled_local,EMAIL_000436,Click Here to Confirm Your Password,Congratulations! You've won $5000. Claim your prize: bit.ly/70x7qs,Click Here to Confirm Your Password Congratulations! You've won $5000. Claim your prize: bit.ly/70x7qs,security@google-account.tk,google-account.tk,,,,,,1
bundled_local,EMAIL_000942,New Feature Release Notes,"Your password has been successfully changed. If this wasn't you, contact support.","New Feature Release Notes Your password has been successfully changed. If this wasn't you, contact support.",support@service.com,service.com,,,,,,0
bundled_local,EMAIL_000074,Action Required: Unusual Activity Detected,Your Microsoft account needs immediate attention: bit.ly/v8su95,Action Required: Unusual Activity Detected Your Microsoft account needs immediate attention: bit.ly/v8su95,admin@bank-security-check.xyz,bank-security-check.xyz,,,,,,1
bundled_local,EMAIL_000478,Your Package Delivery Failed,Click here immediately to verify your account before it gets suspended: bit.ly/g85jko,Your Package Delivery Failed Click here immediately to verify your account before it gets suspended: bit.ly/g85jko,support@paypa1-verify.com,paypa1-verify.com,,,,,,1
bundled_local,EMAIL_000417,Your Package Delivery Failed,Your Microsoft account needs immediate attention: bit.ly/rg6vej,Your Package Delivery Failed Your Microsoft account needs immediate attention: bit.ly/rg6vej,noreply@amaz0n-security.com,amaz0n-security.com,,,,,,1
bundled_local,EMAIL_000470,Congratulations! You've Won a Prize,Your payment method has expired. Update it now: bit.ly/n32n0o,Congratulations! You've Won a Prize Your payment method has expired. Update it now: bit.ly/n32n0o,security@google-account.tk,google-account.tk,,,,,,1
bundled_local,EMAIL_000752,Project Update - Q3 Results,Thank you for your order! Your item will be shipped within 2 business days.,Project Update - Q3 Results Thank you for your order! Your item will be shipped within 2 business days.,newsletter@brand.com,brand.com,,,,,,0
bundled_local,EMAIL_000936,Monthly Report Attached,"Your password has been successfully changed. If this wasn't you, contact support.","Monthly Report Attached Your password has been successfully changed. If this wasn't you, contact support.",admin@project.com,project.com,,,,,,0
bundled_local,EMAIL_000358,Bank Security Alert,Confirm receipt of package: bit.ly/mp9qsb,Bank Security Alert Confirm receipt of package: bit.ly/mp9qsb,security@google-account.tk,google-account.tk,,,,,,1
bundled_local,EMAIL_000056,Click Here to Confirm Your Password,Click here immediately to verify your account before it gets suspended: bit.ly/7fvr6m,Click Here to Confirm Your Password Click here immediately to verify your account before it gets suspended: bit.ly/7fvr6m,verify@micros0ft-account.ru,micros0ft-account.ru,,,,,,1
bundled_local,EMAIL_000499,Your Package Delivery Failed,We noticed unusual activity. Please confirm your password: bit.ly/1gyfix,Your Package Delivery Failed We noticed unusual activity. Please confirm your password: bit.ly/1gyfix,support@paypa1-verify.com,paypa1-verify.com,,,,,,1
bundled_local,EMAIL_000282,Confirm Your Identity Now,Congratulations! You've won $5000. Claim your prize: bit.ly/8qa5og,Confirm Your Identity Now Congratulations! You've won $5000. Claim your prize: bit.ly/8qa5og,verify@micros0ft-account.ru,micros0ft-account.ru,,,,,,1
bundled_local,EMAIL_000513,Annual Leave Request Approved,Thank you for attending our webinar. Here's the recording link.,Annual Leave Request Approved Thank you for attending our webinar. Here's the recording link.,noreply@company.com,company.com,,,,,,0
bundled_local,EMAIL_000329,Congratulations! You've Won a Prize,We noticed unusual activity. Please confirm your password: bit.ly/nwtz0t,Congratulations! You've Won a Prize We noticed unusual activity. Please confirm your password: bit.ly/nwtz0t,noreply@amaz0n-security.com,amaz0n-security.com,,,,,,1
bundled_local,EMAIL_000589,Password Changed Successfully,Attached is the updated project timeline. Please review and provide feedback.,Password Changed Successfully Attached is the updated project timeline. Please review and provide feedback.,newsletter@brand.com,brand.com,,,,,,0
bundled_local,EMAIL_000242,Your Package Delivery Failed,PayPal security alert. Confirm your information: bit.ly/rspzzd,Your Package Delivery Failed PayPal security alert. Confirm your information: bit.ly/rspzzd,noreply@amaz0n-security.com,amaz0n-security.com,,,,,,1
bundled_local,EMAIL_000368,Action Required: Unusual Activity Detected,PayPal security alert. Confirm your information: bit.ly/z25m2k,Action Required: Unusual Activity Detected PayPal security alert. Confirm your information: bit.ly/z25m2k,security@google-account.tk,google-account.tk,,,,,,1
bundled_local,EMAIL_000104,Your Package Delivery Failed,We noticed unusual activity. Please confirm your password: bit.ly/pqix8u,Your Package Delivery Failed We noticed unusual activity. Please confirm your password: bit.ly/pqix8u,noreply@amaz0n-security.com,amaz0n-security.com,,,,,,1
bundled_local,EMAIL_000940,Project Update - Q3 Results,"Your password has been successfully changed. If this wasn't you, contact support.","Project Update - Q3 Results Your password has been successfully changed. If this wasn't you, contact support.",hr@company.com,company.com,,,,,,0
bundled_local,EMAIL_000018,Bank Security Alert,Click here immediately to verify your account before it gets suspended: bit.ly/ii8hmv,Bank Security Alert Click here immediately to verify your account before it gets suspended: bit.ly/ii8hmv,verify@micros0ft-account.ru,micros0ft-account.ru,,,,,,1
bundled_local,EMAIL_000025,Your Account Has Been Compromised,Your Microsoft account needs immediate attention: bit.ly/4kzktt,Your Account Has Been Compromised Your Microsoft account needs immediate attention: bit.ly/4kzktt,support@paypa1-verify.com,paypa1-verify.com,,,,,,1
bundled_local,EMAIL_000173,Refund Pending - Claim Now,Your Microsoft account needs immediate attention: bit.ly/s5ov93,Refund Pending - Claim Now Your Microsoft account needs immediate attention: bit.ly/s5ov93,security@google-account.tk,google-account.tk,,,,,,1
bundled_local,EMAIL_000044,Bank Security Alert,We noticed unusual activity. Please confirm your password: bit.ly/jz3owq,Bank Security Alert We noticed unusual activity. Please confirm your password: bit.ly/jz3owq,security@google-account.tk,google-account.tk,,,,,,1
bundled_local,EMAIL_000531,Monthly Report Attached,Here's the monthly report with our latest metrics and performance analysis.,Monthly Report Attached Here's the monthly report with our latest metrics and performance analysis.,noreply@company.com,company.com,,,,,,0
bundled_local,EMAIL_000374,Refund Pending - Claim Now,PayPal security alert. Confirm your information: bit.ly/kbs220,Refund Pending - Claim Now PayPal security alert. Confirm your information: bit.ly/kbs220,security@google-account.tk,google-account.tk,,,,,,1
bundled_local,EMAIL_000892,Your Reservation Confirmation,Your subscription has been renewed. Thank you for your continued support.,Your Reservation Confirmation Your subscription has been renewed. Thank you for your continued support.,newsletter@brand.com,brand.com,,,,,,0
bundled_local,EMAIL_000988,Annual Leave Request Approved,Welcome to our subscriber community. You'll receive weekly updates on new features.,Annual Leave Request Approved Welcome to our subscriber community. You'll receive weekly updates on new features.,newsletter@brand.com,brand.com,,,,,,0
bundled_local,EMAIL_000318,Bank Security Alert,Click here immediately to verify your account before it gets suspended: bit.ly/pv27ey,Bank Security Alert Click here immediately to verify your account before it gets suspended: bit.ly/pv27ey,noreply@amaz0n-security.com,amaz0n-security.com,,,,,,1
bundled_local,EMAIL_000871,Monthly Report Attached,Attached is the updated project timeline. Please review and provide feedback.,Monthly Report Attached Attached is the updated project timeline. Please review and provide feedback.,team@workplace.com,workplace.com,,,,,,0
bundled_local,EMAIL_000688,Project Update - Q3 Results,Here's the monthly report with our latest metrics and performance analysis.,Project Update - Q3 Results Here's the monthly report with our latest metrics and performance analysis.,noreply@company.com,company.com,,,,,,0
bundled_local,EMAIL_000143,Update Payment Method Required,Your Microsoft account needs immediate attention: bit.ly/sngfxq,Update Payment Method Required Your Microsoft account needs immediate attention: bit.ly/sngfxq,verify@micros0ft-account.ru,micros0ft-account.ru,,,,,,1
bundled_local,EMAIL_000281,Refund Pending - Claim Now,We noticed unusual activity. Please confirm your password: bit.ly/rs1nmf,Refund Pending - Claim Now We noticed unusual activity. Please confirm your password: bit.ly/rs1nmf,help@applesupport-verify.net,applesupport-verify.net,,,,,,1
bundled_local,EMAIL_000364,Congratulations! You've Won a Prize,Your payment method has expired. Update it now: bit.ly/5b3q1i,Congratulations! You've Won a Prize Your payment method has expired. Update it now: bit.ly/5b3q1i,help@applesupport-verify.net,applesupport-verify.net,,,,,,1
bundled_local,EMAIL_000363,Your Account Has Been Compromised,Your Microsoft account needs immediate attention: bit.ly/f9slqe,Your Account Has Been Compromised Your Microsoft account needs immediate attention: bit.ly/f9slqe,admin@bank-security-check.xyz,bank-security-check.xyz,,,,,,1
bundled_local,EMAIL_000405,Your Account Has Been Compromised,Amazon detected unauthorized access. Verify your account: bit.ly/2veakj,Your Account Has Been Compromised Amazon detected unauthorized access. Verify your account: bit.ly/2veakj,help@applesupport-verify.net,applesupport-verify.net,,,,,,1
bundled_local,EMAIL_000339,Refund Pending - Claim Now,PayPal security alert. Confirm your information: bit.ly/9bdzhw,Refund Pending - Claim Now PayPal security alert. Confirm your information: bit.ly/9bdzhw,help@applesupport-verify.net,applesupport-verify.net,,,,,,1
bundled_local,EMAIL_000011,Click Here to Confirm Your Password,Confirm receipt of package: bit.ly/pp9pas,Click Here to Confirm Your Password Confirm receipt of package: bit.ly/pp9pas,support@paypa1-verify.com,paypa1-verify.com,,,,,,1
bundled_local,EMAIL_000850,Your Reservation Confirmation,Thank you for attending our webinar. Here's the recording link.,Your Reservation Confirmation Thank you for attending our webinar. Here's the recording link.,team@workplace.com,workplace.com,,,,,,0
bundled_local,EMAIL_000037,Click Here to Confirm Your Password,Click here immediately to verify your account before it gets suspended: bit.ly/7ptju6,Click Here to Confirm Your Password Click here immediately to verify your account before it gets suspended: bit.ly/7ptju6,admin@bank-security-check.xyz,bank-security-check.xyz,,,,,,1
bundled_local,EMAIL_000414,Action Required: Unusual Activity Detected,PayPal security alert. Confirm your information: bit.ly/i9gw2l,Action Required: Unusual Activity Detected PayPal security alert. Confirm your information: bit.ly/i9gw2l,help@applesupport-verify.net,applesupport-verify.net,,,,,,1
bundled_local,EMAIL_000128,Bank Security Alert,Click here immediately to verify your account before it gets suspended: bit.ly/nq3juo,Bank Security Alert Click here immediately to verify your account before it gets suspended: bit.ly/nq3juo,support@paypa1-verify.com,paypa1-verify.com,,,,,,1
bundled_local,EMAIL_000169,Update Payment Method Required,Confirm receipt of package: bit.ly/ju235n,Update Payment Method Required Confirm receipt of package: bit.ly/ju235n,security@google-account.tk,google-account.tk,,,,,,1
bundled_local,EMAIL_000439,Congratulations! You've Won a Prize,Congratulations! You've won $5000. Claim your prize: bit.ly/ayvgoh,Congratulations! You've Won a Prize Congratulations! You've won $5000. Claim your prize: bit.ly/ayvgoh,noreply@amaz0n-security.com,amaz0n-security.com,,,,,,1
bundled_local,EMAIL_000182,Bank Security Alert,Your Netflix subscription needs updating: bit.ly/fn4ech,Bank Security Alert Your Netflix subscription needs updating: bit.ly/fn4ech,security@google-account.tk,google-account.tk,,,,,,1
bundled_local,EMAIL_000124,Congratulations! You've Won a Prize,Confirm receipt of package: bit.ly/tu966g,Congratulations! You've Won a Prize Confirm receipt of package: bit.ly/tu966g,security@google-account.tk,google-account.tk,,,,,,1
bundled_local,EMAIL_000164,Congratulations! You've Won a Prize,Your Microsoft account needs immediate attention: bit.ly/gv3hds,Congratulations! You've Won a Prize Your Microsoft account needs immediate attention: bit.ly/gv3hds,security@google-account.tk,google-account.tk,,,,,,1
bundled_local,EMAIL_000045,Your Package Delivery Failed,We noticed unusual activity. Please confirm your password: bit.ly/26tb9d,Your Package Delivery Failed We noticed unusual activity. Please confirm your password: bit.ly/26tb9d,help@applesupport-verify.net,applesupport-verify.net,,,,,,1
bundled_local,EMAIL_000260,Your Package Delivery Failed,PayPal security alert. Confirm your information: bit.ly/zwqd1d,Your Package Delivery Failed PayPal security alert. Confirm your information: bit.ly/zwqd1d,admin@bank-security-check.xyz,bank-security-check.xyz,,,,,,1
bundled_local,EMAIL_000192,Refund Pending - Claim Now,Amazon detected unauthorized access. Verify your account: bit.ly/xiec3m,Refund Pending - Claim Now Amazon detected unauthorized access. Verify your account: bit.ly/xiec3m,admin@bank-security-check.xyz,bank-security-check.xyz,,,,,,1
bundled_local,EMAIL_000093,Congratulations! You've Won a Prize,We noticed unusual activity. Please confirm your password: bit.ly/7f5hdt,Congratulations! You've Won a Prize We noticed unusual activity. Please confirm your password: bit.ly/7f5hdt,help@applesupport-verify.net,applesupport-verify.net,,,,,,1
bundled_local,EMAIL_000340,Your Package Delivery Failed,Confirm receipt of package: bit.ly/ttdlwz,Your Package Delivery Failed Confirm receipt of package: bit.ly/ttdlwz,support@paypa1-verify.com,paypa1-verify.com,,,,,,1
bundled_local,EMAIL_000114,Click Here to Confirm Your Password,Your Microsoft account needs immediate attention: bit.ly/6ne3dw,Click Here to Confirm Your Password Your Microsoft account needs immediate attention: bit.ly/6ne3dw,noreply@amaz0n-security.com,amaz0n-security.com,,,,,,1
bundled_local,EMAIL_000216,Your Account Has Been Compromised,Your Microsoft account needs immediate attention: bit.ly/x3qrcy,Your Account Has Been Compromised Your Microsoft account needs immediate attention: bit.ly/x3qrcy,noreply@amaz0n-security.com,amaz0n-security.com,,,,,,1
bundled_local,EMAIL_000039,Your Package Delivery Failed,We noticed unusual activity. Please confirm your password: bit.ly/rprji0,Your Package Delivery Failed We noticed unusual activity. Please confirm your password: bit.ly/rprji0,noreply@amaz0n-security.com,amaz0n-security.com,,,,,,1
bundled_local,EMAIL_000116,Your Account Has Been Compromised,Confirm receipt of package: bit.ly/kdr1mt,Your Account Has Been Compromised Confirm receipt of package: bit.ly/kdr1mt,admin@bank-security-check.xyz,bank-security-check.xyz,,,,,,1
bundled_local,EMAIL_000262,Confirm Your Identity Now,Your payment method has expired. Update it now: bit.ly/wl31zq,Confirm Your Identity Now Your payment method has expired. Update it now: bit.ly/wl31zq,verify@micros0ft-account.ru,micros0ft-account.ru,,,,,,1
bundled_local,EMAIL_000640,Welcome to Our Newsletter,We've improved our security. No action needed from you.,Welcome to Our Newsletter We've improved our security. No action needed from you.,orders@store.com,store.com,,,,,,0
bundled_local,EMAIL_000521,Monthly Report Attached,We've improved our security. No action needed from you.,Monthly Report Attached We've improved our security. No action needed from you.,orders@store.com,store.com,,,,,,0
bundled_local,EMAIL_000066,Confirm Your Identity Now,IRS tax refund ready for pickup. Claim here: bit.ly/83hzg7,Confirm Your Identity Now IRS tax refund ready for pickup. Claim here: bit.ly/83hzg7,verify@micros0ft-account.ru,micros0ft-account.ru,,,,,,1
bundled_local,EMAIL_000467,Confirm Your Identity Now,Your Netflix subscription needs updating: bit.ly/w50khi,Confirm Your Identity Now Your Netflix subscription needs updating: bit.ly/w50khi,security@google-account.tk,google-account.tk,,,,,,1
bundled_local,EMAIL_000910,Team Lunch This Friday,Thank you for your order! Your item will be shipped within 2 business days.,Team Lunch This Friday Thank you for your order! Your item will be shipped within 2 business days.,notifications@app.com,app.com,,,,,,0
bundled_local,EMAIL_000411,Congratulations! You've Won a Prize,Click here immediately to verify your account before it gets suspended: bit.ly/8fhju0,Congratulations! You've Won a Prize Click here immediately to verify your account before it gets suspended: bit.ly/8fhju0,admin@bank-security-check.xyz,bank-security-check.xyz,,,,,,1
bundled_local,EMAIL_000362,Bank Security Alert,Congratulations! You've won $5000. Claim your prize: bit.ly/7p0m9o,Bank Security Alert Congratulations! You've won $5000. Claim your prize: bit.ly/7p0m9o,help@applesupport-verify.net,applesupport-verify.net,,,,,,1
bundled_local,EMAIL_000231,Your Package Delivery Failed,We noticed unusual activity. Please confirm your password: bit.ly/u941yb,Your Package Delivery Failed We noticed unusual activity. Please confirm your password: bit.ly/u941yb,support@paypa1-verify.com,paypa1-verify.com,,,,,,1
bundled_local,EMAIL_000338,Your Package Delivery Failed,Confirm receipt of package: bit.ly/f8d83y,Your Package Delivery Failed Confirm receipt of package: bit.ly/f8d83y,noreply@amaz0n-security.com,amaz0n-security.com,,,,,,1
bundled_local,EMAIL_000615,Meeting Tomorrow at 2PM,Attached is the updated project timeline. Please review and provide feedback.,Meeting Tomorrow at 2PM Attached is the updated project timeline. Please review and provide feedback.,notifications@app.com,app.com,,,,,,0
bundled_local,EMAIL_000095,Your Package Delivery Failed,PayPal security alert. Confirm your information: bit.ly/vvmw21,Your Package Delivery Failed PayPal security alert. Confirm your information: bit.ly/vvmw21,security@google-account.tk,google-account.tk,,,,,,1
bundled_local,EMAIL_000069,Refund Pending - Claim Now,Congratulations! You've won $5000. Claim your prize: bit.ly/tdquq9,Refund Pending - Claim Now Congratulations! You've won $5000. Claim your prize: bit.ly/tdquq9,noreply@amaz0n-security.com,amaz0n-security.com,,,,,,1
bundled_local,EMAIL_000479,Refund Pending - Claim Now,Amazon detected unauthorized access. Verify your account: bit.ly/ekuehk,Refund Pending - Claim Now Amazon detected unauthorized access. Verify your account: bit.ly/ekuehk,verify@micros0ft-account.ru,micros0ft-account.ru,,,,,,1
bundled_local,EMAIL_000410,Action Required: Unusual Activity Detected,We noticed unusual activity. Please confirm your password: bit.ly/35wx92,Action Required: Unusual Activity Detected We noticed unusual activity. Please confirm your password: bit.ly/35wx92,support@paypa1-verify.com,paypa1-verify.com,,,,,,1
bundled_local,EMAIL_000487,Refund Pending - Claim Now,Your Microsoft account needs immediate attention: bit.ly/09svb3,Refund Pending - Claim Now Your Microsoft account needs immediate attention: bit.ly/09svb3,support@paypa1-verify.com,paypa1-verify.com,,,,,,1
bundled_local,EMAIL_000728,Annual Leave Request Approved,We've improved our security. No action needed from you.,Annual Leave Request Approved We've improved our security. No action needed from you.,hr@company.com,company.com,,,,,,0
bundled_local,EMAIL_000450,Your Package Delivery Failed,PayPal security alert. Confirm your information: bit.ly/bnp5a0,Your Package Delivery Failed PayPal security alert. Confirm your information: bit.ly/bnp5a0,noreply@amaz0n-security.com,amaz0n-security.com,,,,,,1
bundled_local,EMAIL_000230,Urgent: Verify Your Account,IRS tax refund ready for pickup. Claim here: bit.ly/dgt8q6,Urgent: Verify Your Account IRS tax refund ready for pickup. Claim here: bit.ly/dgt8q6,admin@bank-security-check.xyz,bank-security-check.xyz,,,,,,1
bundled_local,EMAIL_000524,New Feature Release Notes,We've improved our security. No action needed from you.,New Feature Release Notes We've improved our security. No action needed from you.,support@service.com,service.com,,,,,,0
bundled_local,EMAIL_000314,Bank Security Alert,Confirm receipt of package: bit.ly/kc36dm,Bank Security Alert Confirm receipt of package: bit.ly/kc36dm,support@paypa1-verify.com,paypa1-verify.com,,,,,,1
bundled_local,EMAIL_000186,Urgent: Verify Your Account,We noticed unusual activity. Please confirm your password: bit.ly/i0b3so,Urgent: Verify Your Account We noticed unusual activity. Please confirm your password: bit.ly/i0b3so,admin@bank-security-check.xyz,bank-security-check.xyz,,,,,,1
bundled_local,EMAIL_000748,Annual Leave Request Approved,"Your password has been successfully changed. If this wasn't you, contact support.","Annual Leave Request Approved Your password has been successfully changed. If this wasn't you, contact support.",admin@project.com,project.com,,,,,,0
bundled_local,EMAIL_000070,Update Payment Method Required,Your Netflix subscription needs updating: bit.ly/q26fkr,Update Payment Method Required Your Netflix subscription needs updating: bit.ly/q26fkr,admin@bank-security-check.xyz,bank-security-check.xyz,,,,,,1
bundled_local,EMAIL_000007,Refund Pending - Claim Now,Your Netflix subscription needs updating: bit.ly/45jt11,Refund Pending - Claim Now Your Netflix subscription needs updating: bit.ly/45jt11,admin@bank-security-check.xyz,bank-security-check.xyz,,,,,,1
bundled_local,EMAIL_000021,Congratulations! You've Won a Prize,Congratulations! You've won $5000. Claim your prize: bit.ly/9jszey,Congratulations! You've Won a Prize Congratulations! You've won $5000. Claim your prize: bit.ly/9jszey,noreply@amaz0n-security.com,amaz0n-security.com,,,,,,1
bundled_local,EMAIL_000385,Action Required: Unusual Activity Detected,Your payment method has expired. Update it now: bit.ly/wg1gag,Action Required: Unusual Activity Detected Your payment method has expired. Update it now: bit.ly/wg1gag,admin@bank-security-check.xyz,bank-security-check.xyz,,,,,,1
bundled_local,EMAIL_000284,Click Here to Confirm Your Password,Click here immediately to verify your account before it gets suspended: bit.ly/5n47oc,Click Here to Confirm Your Password Click here immediately to verify your account before it gets suspended: bit.ly/5n47oc,help@applesupport-verify.net,applesupport-verify.net,,,,,,1
bundled_local,EMAIL_000012,Update Payment Method Required,IRS tax refund ready for pickup. Claim here: bit.ly/jln9ku,Update Payment Method Required IRS tax refund ready for pickup. Claim here: bit.ly/jln9ku,noreply@amaz0n-security.com,amaz0n-security.com,,,,,,1
bundled_local,EMAIL_000028,Urgent: Verify Your Account,Confirm receipt of package: bit.ly/zonsq7,Urgent: Verify Your Account Confirm receipt of package: bit.ly/zonsq7,help@applesupport-verify.net,applesupport-verify.net,,,,,,1
bundled_local,EMAIL_000357,Action Required: Unusual Activity Detected,Amazon detected unauthorized access. Verify your account: bit.ly/b3yx03,Action Required: Unusual Activity Detected Amazon detected unauthorized access. Verify your account: bit.ly/b3yx03,help@applesupport-verify.net,applesupport-verify.net,,,,,,1
bundled_local,EMAIL_000208,Your Account Has Been Compromised,Your payment method has expired. Update it now: bit.ly/0sthlh,Your Account Has Been Compromised Your payment method has expired. Update it now: bit.ly/0sthlh,support@paypa1-verify.com,paypa1-verify.com,,,,,,1
bundled_local,EMAIL_000218,Your Account Has Been Compromised,Your Netflix subscription needs updating: bit.ly/j3ka91,Your Account Has Been Compromised Your Netflix subscription needs updating: bit.ly/j3ka91,support@paypa1-verify.com,paypa1-verify.com,,,,,,1
bundled_local,EMAIL_000203,Your Package Delivery Failed,Click here immediately to verify your account before it gets suspended: bit.ly/bw5hbk,Your Package Delivery Failed Click here immediately to verify your account before it gets suspended: bit.ly/bw5hbk,security@google-account.tk,google-account.tk,,,,,,1
bundled_local,EMAIL_000038,Click Here to Confirm Your Password,Congratulations! You've won $5000. Claim your prize: bit.ly/p5sdcq,Click Here to Confirm Your Password Congratulations! You've won $5000. Claim your prize: bit.ly/p5sdcq,security@google-account.tk,google-account.tk,,,,,,1
bundled_local,EMAIL_000402,Update Payment Method Required,Click here immediately to verify your account before it gets suspended: bit.ly/hmbzli,Update Payment Method Required Click here immediately to verify your account before it gets suspended: bit.ly/hmbzli,security@google-account.tk,google-account.tk,,,,,,1
bundled_local,EMAIL_000416,Your Account Has Been Compromised,Confirm receipt of package: bit.ly/qfklij,Your Account Has Been Compromised Confirm receipt of package: bit.ly/qfklij,verify@micros0ft-account.ru,micros0ft-account.ru,,,,,,1
bundled_local,EMAIL_000224,Bank Security Alert,PayPal security alert. Confirm your information: bit.ly/5lp35o,Bank Security Alert PayPal security alert. Confirm your information: bit.ly/5lp35o,support@paypa1-verify.com,paypa1-verify.com,,,,,,1
bundled_local,EMAIL_000217,Refund Pending - Claim Now,IRS tax refund ready for pickup. Claim here: bit.ly/f2xrrn,Refund Pending - Claim Now IRS tax refund ready for pickup. Claim here: bit.ly/f2xrrn,security@google-account.tk,google-account.tk,,,,,,1
bundled_local,EMAIL_000480,Refund Pending - Claim Now,Your Netflix subscription needs updating: bit.ly/u5nqir,Refund Pending - Claim Now Your Netflix subscription needs updating: bit.ly/u5nqir,help@applesupport-verify.net,applesupport-verify.net,,,,,,1
bundled_local,EMAIL_000348,Your Package Delivery Failed,PayPal security alert. Confirm your information: bit.ly/qvcsdl,Your Package Delivery Failed PayPal security alert. Confirm your information: bit.ly/qvcsdl,support@paypa1-verify.com,paypa1-verify.com,,,,,,1
bundled_local,EMAIL_000641,Annual Leave Request Approved,The team meeting has been rescheduled to Friday at 3 PM. See you then!,Annual Leave Request Approved The team meeting has been rescheduled to Friday at 3 PM. See you then!,team@workplace.com,workplace.com,,,,,,0
bundled_local,EMAIL_000278,Update Payment Method Required,Amazon detected unauthorized access. Verify your account: bit.ly/sb6eto,Update Payment Method Required Amazon detected unauthorized access. Verify your account: bit.ly/sb6eto,verify@micros0ft-account.ru,micros0ft-account.ru,,,,,,1
bundled_local,EMAIL_000444,Your Account Has Been Compromised,Your Microsoft account needs immediate attention: bit.ly/szk3pa,Your Account Has Been Compromised Your Microsoft account needs immediate attention: bit.ly/szk3pa,security@google-account.tk,google-account.tk,,,,,,1
bundled_local,EMAIL_000474,Action Required: Unusual Activity Detected,PayPal security alert. Confirm your information: bit.ly/egv3jp,Action Required: Unusual Activity Detected PayPal security alert. Confirm your information: bit.ly/egv3jp,support@paypa1-verify.com,paypa1-verify.com,,,,,,1
bundled_local,EMAIL_000431,Click Here to Confirm Your Password,Confirm receipt of package: bit.ly/hgib5u,Click Here to Confirm Your Password Confirm receipt of package: bit.ly/hgib5u,security@google-account.tk,google-account.tk,,,,,,1
bundled_local,EMAIL_000320,Action Required: Unusual Activity Detected,Your Microsoft account needs immediate attention: bit.ly/97wlx0,Action Required: Unusual Activity Detected Your Microsoft account needs immediate attention: bit.ly/97wlx0,noreply@amaz0n-security.com,amaz0n-security.com,,,,,,1
bundled_local,EMAIL_000187,Refund Pending - Claim Now,Click here immediately to verify your account before it gets suspended: bit.ly/wuz0hf,Refund Pending - Claim Now Click here immediately to verify your account before it gets suspended: bit.ly/wuz0hf,noreply@amaz0n-security.com,amaz0n-security.com,,,,,,1
bundled_local,EMAIL_000027,Refund Pending - Claim Now,IRS tax refund ready for pickup. Claim here: bit.ly/hzcnlq,Refund Pending - Claim Now IRS tax refund ready for pickup. Claim here: bit.ly/hzcnlq,security@google-account.tk,google-account.tk,,,,,,1
bundled_local,EMAIL_000306,Your Account Has Been Compromised,Congratulations! You've won $5000. Claim your prize: bit.ly/3nc6km,Your Account Has Been Compromised Congratulations! You've won $5000. Claim your prize: bit.ly/3nc6km,security@google-account.tk,google-account.tk,,,,,,1
bundled_local,EMAIL_000165,Confirm Your Identity Now,Your Netflix subscription needs updating: bit.ly/juojhz,Confirm Your Identity Now Your Netflix subscription needs updating: bit.ly/juojhz,security@google-account.tk,google-account.tk,,,,,,1
bundled_local,EMAIL_000167,Click Here to Confirm Your Password,Your Microsoft account needs immediate attention: bit.ly/bd16yl,Click Here to Confirm Your Password Your Microsoft account needs immediate attention: bit.ly/bd16yl,verify@micros0ft-account.ru,micros0ft-account.ru,,,,,,1
bundled_local,EMAIL_000388,Urgent: Verify Your Account,Amazon detected unauthorized access. Verify your account: bit.ly/210b5b,Urgent: Verify Your Account Amazon detected unauthorized access. Verify your account: bit.ly/210b5b,security@google-account.tk,google-account.tk,,,,,,1
bundled_local,EMAIL_000618,Password Changed Successfully,Your subscription has been renewed. Thank you for your continued support.,Password Changed Successfully Your subscription has been renewed. Thank you for your continued support.,noreply@company.com,company.com,,,,,,0
bundled_local,EMAIL_000022,Bank Security Alert,IRS tax refund ready for pickup. Claim here: bit.ly/dqghvi,Bank Security Alert IRS tax refund ready for pickup. Claim here: bit.ly/dqghvi,verify@micros0ft-account.ru,micros0ft-account.ru,,,,,,1
bundled_local,EMAIL_000352,Your Package Delivery Failed,Your Netflix subscription needs updating: bit.ly/r66ne7,Your Package Delivery Failed Your Netflix subscription needs updating: bit.ly/r66ne7,security@google-account.tk,google-account.tk,,,,,,1
bundled_local,EMAIL_000090,Congratulations! You've Won a Prize,Confirm receipt of package: bit.ly/ce4sdi,Congratulations! You've Won a Prize Confirm receipt of package: bit.ly/ce4sdi,admin@bank-security-check.xyz,bank-security-check.xyz,,,,,,1
bundled_local,EMAIL_000473,Congratulations! You've Won a Prize,Congratulations! You've won $5000. Claim your prize: bit.ly/g2jzbz,Congratulations! You've Won a Prize Congratulations! You've won $5000. Claim your prize: bit.ly/g2jzbz,admin@bank-security-check.xyz,bank-security-check.xyz,,,,,,1
bundled_local,EMAIL_000845,Welcome to Our Newsletter,"Your password has been successfully changed. If this wasn't you, contact support.","Welcome to Our Newsletter Your password has been successfully changed. If this wasn't you, contact support.",support@service.com,service.com,,,,,,0
bundled_local,EMAIL_000346,Confirm Your Identity Now,Your Netflix subscription needs updating: bit.ly/2vc0ca,Confirm Your Identity Now Your Netflix subscription needs updating: bit.ly/2vc0ca,verify@micros0ft-account.ru,micros0ft-account.ru,,,,,,1
bundled_local,EMAIL_000199,Action Required: Unusual Activity Detected,PayPal security alert. Confirm your information: bit.ly/1yun2u,Action Required: Unusual Activity Detected PayPal security alert. Confirm your information: bit.ly/1yun2u,noreply@amaz0n-security.com,amaz0n-security.com,,,,,,1
bundled_local,EMAIL_000407,Your Package Delivery Failed,IRS tax refund ready for pickup. Claim here: bit.ly/snb3rn,Your Package Delivery Failed IRS tax refund ready for pickup. Claim here: bit.ly/snb3rn,help@applesupport-verify.net,applesupport-verify.net,,,,,,1
bundled_local,EMAIL_000375,Confirm Your Identity Now,Your Netflix subscription needs updating: bit.ly/fs6kty,Confirm Your Identity Now Your Netflix subscription needs updating: bit.ly/fs6kty,noreply@amaz0n-security.com,amaz0n-security.com,,,,,,1
bundled_local,EMAIL_000211,Confirm Your Identity Now,Confirm receipt of package: bit.ly/16ws2k,Confirm Your Identity Now Confirm receipt of package: bit.ly/16ws2k,noreply@amaz0n-security.com,amaz0n-security.com,,,,,,1
bundled_local,EMAIL_000443,Your Account Has Been Compromised,PayPal security alert. Confirm your information: bit.ly/gyyrw1,Your Account Has Been Compromised PayPal security alert. Confirm your information: bit.ly/gyyrw1,support@paypa1-verify.com,paypa1-verify.com,,,,,,1
bundled_local,EMAIL_000098,Urgent: Verify Your Account,Confirm receipt of package: bit.ly/7omk97,Urgent: Verify Your Account Confirm receipt of package: bit.ly/7omk97,admin@bank-security-check.xyz,bank-security-check.xyz,,,,,,1
bundled_local,EMAIL_000190,Action Required: Unusual Activity Detected,Your payment method has expired. Update it now: bit.ly/81vcsf,Action Required: Unusual Activity Detected Your payment method has expired. Update it now: bit.ly/81vcsf,security@google-account.tk,google-account.tk,,,,,,1
bundled_local,EMAIL_000036,Bank Security Alert,Confirm receipt of package: bit.ly/6g4j5n,Bank Security Alert Confirm receipt of package: bit.ly/6g4j5n,support@paypa1-verify.com,paypa1-verify.com,,,,,,1
bundled_local,EMAIL_000139,Click Here to Confirm Your Password,We noticed unusual activity. Please confirm your password: bit.ly/12u13u,Click Here to Confirm Your Password We noticed unusual activity. Please confirm your password: bit.ly/12u13u,support@paypa1-verify.com,paypa1-verify.com,,,,,,1
bundled_local,EMAIL_000489,Bank Security Alert,Amazon detected unauthorized access. Verify your account: bit.ly/g0qwhb,Bank Security Alert Amazon detected unauthorized access. Verify your account: bit.ly/g0qwhb,support@paypa1-verify.com,paypa1-verify.com,,,,,,1
bundled_local,EMAIL_000359,Click Here to Confirm Your Password,Your Netflix subscription needs updating: bit.ly/utia37,Click Here to Confirm Your Password Your Netflix subscription needs updating: bit.ly/utia37,admin@bank-security-check.xyz,bank-security-check.xyz,,,,,,1
bundled_local,EMAIL_000409,Update Payment Method Required,Click here immediately to verify your account before it gets suspended: bit.ly/6l2dax,Update Payment Method Required Click here immediately to verify your account before it gets suspended: bit.ly/6l2dax,support@paypa1-verify.com,paypa1-verify.com,,,,,,1
bundled_local,EMAIL_000497,Confirm Your Identity Now,Confirm receipt of package: bit.ly/8d4yys,Confirm Your Identity Now Confirm receipt of package: bit.ly/8d4yys,verify@micros0ft-account.ru,micros0ft-account.ru,,,,,,1
bundled_local,EMAIL_000269,Bank Security Alert,PayPal security alert. Confirm your information: bit.ly/tdkzwi,Bank Security Alert PayPal security alert. Confirm your information: bit.ly/tdkzwi,verify@micros0ft-account.ru,micros0ft-account.ru,,,,,,1
bundled_local,EMAIL_000202,Update Payment Method Required,IRS tax refund ready for pickup. Claim here: bit.ly/gmwcrc,Update Payment Method Required IRS tax refund ready for pickup. Claim here: bit.ly/gmwcrc,verify@micros0ft-account.ru,micros0ft-account.ru,,,,,,1
bundled_local,EMAIL_000245,Your Package Delivery Failed,IRS tax refund ready for pickup. Claim here: bit.ly/8w9xr6,Your Package Delivery Failed IRS tax refund ready for pickup. Claim here: bit.ly/8w9xr6,noreply@amaz0n-security.com,amaz0n-security.com,,,,,,1
bundled_local,EMAIL_000781,Meeting Tomorrow at 2PM,Thank you for your order! Your item will be shipped within 2 business days.,Meeting Tomorrow at 2PM Thank you for your order! Your item will be shipped within 2 business days.,hr@company.com,company.com,,,,,,0
bundled_local,EMAIL_000367,Confirm Your Identity Now,Confirm receipt of package: bit.ly/8ms25s,Confirm Your Identity Now Confirm receipt of package: bit.ly/8ms25s,security@google-account.tk,google-account.tk,,,,,,1
bundled_local,EMAIL_000247,Your Account Has Been Compromised,Click here immediately to verify your account before it gets suspended: bit.ly/qepnhp,Your Account Has Been Compromised Click here immediately to verify your account before it gets suspended: bit.ly/qepnhp,support@paypa1-verify.com,paypa1-verify.com,,,,,,1
bundled_local,EMAIL_000258,Refund Pending - Claim Now,Your Netflix subscription needs updating: bit.ly/afcwqi,Refund Pending - Claim Now Your Netflix subscription needs updating: bit.ly/afcwqi,help@applesupport-verify.net,applesupport-verify.net,,,,,,1
bundled_local,EMAIL_000485,Congratulations! You've Won a Prize,Amazon detected unauthorized access. Verify your account: bit.ly/y4bbcr,Congratulations! You've Won a Prize Amazon detected unauthorized access. Verify your account: bit.ly/y4bbcr,security@google-account.tk,google-account.tk,,,,,,1
bundled_local,EMAIL_000043,Urgent: Verify Your Account,IRS tax refund ready for pickup. Claim here: bit.ly/z916js,Urgent: Verify Your Account IRS tax refund ready for pickup. Claim here: bit.ly/z916js,noreply@amaz0n-security.com,amaz0n-security.com,,,,,,1
bundled_local,EMAIL_000382,Congratulations! You've Won a Prize,PayPal security alert. Confirm your information: bit.ly/4e5ii4,Congratulations! You've Won a Prize PayPal security alert. Confirm your information: bit.ly/4e5ii4,admin@bank-security-check.xyz,bank-security-check.xyz,,,,,,1
bundled_local,EMAIL_000623,Annual Leave Request Approved,Attached is the updated project timeline. Please review and provide feedback.,Annual Leave Request Approved Attached is the updated project timeline. Please review and provide feedback.,newsletter@brand.com,brand.com,,,,,,0
bundled_local,EMAIL_000213,Action Required: Unusual Activity Detected,Your Netflix subscription needs updating: bit.ly/5l2iri,Action Required: Unusual Activity Detected Your Netflix subscription needs updating: bit.ly/5l2iri,help@applesupport-verify.net,applesupport-verify.net,,,,,,1
bundled_local,EMAIL_000006,Click Here to Confirm Your Password,Confirm receipt of package: bit.ly/fxgplt,Click Here to Confirm Your Password Confirm receipt of package: bit.ly/fxgplt,noreply@amaz0n-security.com,amaz0n-security.com,,,,,,1
bundled_local,EMAIL_000275,Action Required: Unusual Activity Detected,PayPal security alert. Confirm your information: bit.ly/s1obr0,Action Required: Unusual Activity Detected PayPal security alert. Confirm your information: bit.ly/s1obr0,admin@bank-security-check.xyz,bank-security-check.xyz,,,,,,1
bundled_local,EMAIL_000921,Project Update - Q3 Results,"Hi, just wanted to follow up on our discussion. Looking forward to the meeting tomorrow.","Project Update - Q3 Results Hi, just wanted to follow up on our discussion. Looking forward to the meeting tomorrow.",noreply@company.com,company.com,,,,,,0
bundled_local,EMAIL_000468,Congratulations! You've Won a Prize,We noticed unusual activity. Please confirm your password: bit.ly/uhkw04,Congratulations! You've Won a Prize We noticed unusual activity. Please confirm your password: bit.ly/uhkw04,help@applesupport-verify.net,applesupport-verify.net,,,,,,1
bundled_local,EMAIL_000084,Update Payment Method Required,Your Netflix subscription needs updating: bit.ly/lzgrcq,Update Payment Method Required Your Netflix subscription needs updating: bit.ly/lzgrcq,verify@micros0ft-account.ru,micros0ft-account.ru,,,,,,1
bundled_local,EMAIL_000328,Your Account Has Been Compromised,Your Netflix subscription needs updating: bit.ly/vby5hv,Your Account Has Been Compromised Your Netflix subscription needs updating: bit.ly/vby5hv,noreply@amaz0n-security.com,amaz0n-security.com,,,,,,1
bundled_local,EMAIL_000454,Action Required: Unusual Activity Detected,Your Netflix subscription needs updating: bit.ly/15vt72,Action Required: Unusual Activity Detected Your Netflix subscription needs updating: bit.ly/15vt72,noreply@amaz0n-security.com,amaz0n-security.com,,,,,,1
bundled_local,EMAIL_000266,Confirm Your Identity Now,Your Netflix subscription needs updating: bit.ly/zamft1,Confirm Your Identity Now Your Netflix subscription needs updating: bit.ly/zamft1,noreply@amaz0n-security.com,amaz0n-security.com,,,,,,1
bundled_local,EMAIL_000200,Update Payment Method Required,Congratulations! You've won $5000. Claim your prize: bit.ly/ue9m17,Update Payment Method Required Congratulations! You've won $5000. Claim your prize: bit.ly/ue9m17,help@applesupport-verify.net,applesupport-verify.net,,,,,,1
bundled_local,EMAIL_000311,Confirm Your Identity Now,We noticed unusual activity. Please confirm your password: bit.ly/ucomyv,Confirm Your Identity Now We noticed unusual activity. Please confirm your password: bit.ly/ucomyv,verify@micros0ft-account.ru,micros0ft-account.ru,,,,,,1
bundled_local,EMAIL_000008,Bank Security Alert,We noticed unusual activity. Please confirm your password: bit.ly/7lslty,Bank Security Alert We noticed unusual activity. Please confirm your password: bit.ly/7lslty,admin@bank-security-check.xyz,bank-security-check.xyz,,,,,,1
bundled_local,EMAIL_000133,Your Account Has Been Compromised,Confirm receipt of package: bit.ly/yq1mzy,Your Account Has Been Compromised Confirm receipt of package: bit.ly/yq1mzy,verify@micros0ft-account.ru,micros0ft-account.ru,,,,,,1
bundled_local,EMAIL_000137,Refund Pending - Claim Now,PayPal security alert. Confirm your information: bit.ly/995659,Refund Pending - Claim Now PayPal security alert. Confirm your information: bit.ly/995659,help@applesupport-verify.net,applesupport-verify.net,,,,,,1
bundled_local,EMAIL_000016,Update Payment Method Required,Amazon detected unauthorized access. Verify your account: bit.ly/7rlct8,Update Payment Method Required Amazon detected unauthorized access. Verify your account: bit.ly/7rlct8,admin@bank-security-check.xyz,bank-security-check.xyz,,,,,,1
bundled_local,EMAIL_000087,Click Here to Confirm Your Password,We noticed unusual activity. Please confirm your password: bit.ly/0uuqsx,Click Here to Confirm Your Password We noticed unusual activity. Please confirm your password: bit.ly/0uuqsx,admin@bank-security-check.xyz,bank-security-check.xyz,,,,,,1
bundled_local,EMAIL_000976,Team Lunch This Friday,Here's the monthly report with our latest metrics and performance analysis.,Team Lunch This Friday Here's the monthly report with our latest metrics and performance analysis.,noreply@company.com,company.com,,,,,,0
bundled_local,EMAIL_000354,Your Account Has Been Compromised,Amazon detected unauthorized access. Verify your account: bit.ly/1yob7x,Your Account Has Been Compromised Amazon detected unauthorized access. Verify your account: bit.ly/1yob7x,security@google-account.tk,google-account.tk,,,,,,1
bundled_local,EMAIL_000099,Congratulations! You've Won a Prize,We noticed unusual activity. Please confirm your password: bit.ly/j64zey,Congratulations! You've Won a Prize We noticed unusual activity. Please confirm your password: bit.ly/j64zey,support@paypa1-verify.com,paypa1-verify.com,,,,,,1
bundled_local,EMAIL_000144,Congratulations! You've Won a Prize,IRS tax refund ready for pickup. Claim here: bit.ly/r3bzi8,Congratulations! You've Won a Prize IRS tax refund ready for pickup. Claim here: bit.ly/r3bzi8,security@google-account.tk,google-account.tk,,,,,,1
bundled_local,EMAIL_000227,Your Package Delivery Failed,Congratulations! You've won $5000. Claim your prize: bit.ly/jbu2iw,Your Package Delivery Failed Congratulations! You've won $5000. Claim your prize: bit.ly/jbu2iw,security@google-account.tk,google-account.tk,,,,,,1
bundled_local,EMAIL_000225,Urgent: Verify Your Account,Confirm receipt of package: bit.ly/p4agnu,Urgent: Verify Your Account Confirm receipt of package: bit.ly/p4agnu,support@paypa1-verify.com,paypa1-verify.com,,,,,,1
bundled_local,EMAIL_000126,Your Account Has Been Compromised,PayPal security alert. Confirm your information: bit.ly/qmqw8w,Your Account Has Been Compromised PayPal security alert. Confirm your information: bit.ly/qmqw8w,help@applesupport-verify.net,applesupport-verify.net,,,,,,1
bundled_local,EMAIL_000264,Congratulations! You've Won a Prize,Your Netflix subscription needs updating: bit.ly/7x4w3p,Congratulations! You've Won a Prize Your Netflix subscription needs updating: bit.ly/7x4w3p,support@paypa1-verify.com,paypa1-verify.com,,,,,,1
bundled_local,EMAIL_000356,Confirm Your Identity Now,Amazon detected unauthorized access. Verify your account: bit.ly/b3rf0z,Confirm Your Identity Now Amazon detected unauthorized access. Verify your account: bit.ly/b3rf0z,verify@micros0ft-account.ru,micros0ft-account.ru,,,,,,1
bundled_local,EMAIL_000353,Your Package Delivery Failed,Your Netflix subscription needs updating: bit.ly/7sz2sk,Your Package Delivery Failed Your Netflix subscription needs updating: bit.ly/7sz2sk,noreply@amaz0n-security.com,amaz0n-security.com,,,,,,1
bundled_local,EMAIL_000324,Update Payment Method Required,Confirm receipt of package: bit.ly/wsuu6w,Update Payment Method Required Confirm receipt of package: bit.ly/wsuu6w,noreply@amaz0n-security.com,amaz0n-security.com,,,,,,1
bundled_local,EMAIL_000214,Congratulations! You've Won a Prize,Confirm receipt of package: bit.ly/hbfenj,Congratulations! You've Won a Prize Confirm receipt of package: bit.ly/hbfenj,noreply@amaz0n-security.com,amaz0n-security.com,,,,,,1
bundled_local,EMAIL_000223,Your Account Has Been Compromised,IRS tax refund ready for pickup. Claim here: bit.ly/n8mrxg,Your Account Has Been Compromised IRS tax refund ready for pickup. Claim here: bit.ly/n8mrxg,support@paypa1-verify.com,paypa1-verify.com,,,,,,1
bundled_local,EMAIL_000064,Congratulations! You've Won a Prize,Confirm receipt of package: bit.ly/dfinim,Congratulations! You've Won a Prize Confirm receipt of package: bit.ly/dfinim,support@paypa1-verify.com,paypa1-verify.com,,,,,,1
bundled_local,EMAIL_000259,Urgent: Verify Your Account,Your Microsoft account needs immediate attention: bit.ly/bw0hs3,Urgent: Verify Your Account Your Microsoft account needs immediate attention: bit.ly/bw0hs3,support@paypa1-verify.com,paypa1-verify.com,,,,,,1
bundled_local,EMAIL_000088,Urgent: Verify Your Account,Confirm receipt of package: bit.ly/jrme11,Urgent: Verify Your Account Confirm receipt of package: bit.ly/jrme11,admin@bank-security-check.xyz,bank-security-check.xyz,,,,,,1
bundled_local,EMAIL_000304,Your Account Has Been Compromised,Your payment method has expired. Update it now: bit.ly/y3nsvg,Your Account Has Been Compromised Your payment method has expired. Update it now: bit.ly/y3nsvg,help@applesupport-verify.net,applesupport-verify.net,,,,,,1
bundled_local,EMAIL_000386,Your Account Has Been Compromised,Congratulations! You've won $5000. Claim your prize: bit.ly/4pxp39,Your Account Has Been Compromised Congratulations! You've won $5000. Claim your prize: bit.ly/4pxp39,help@applesupport-verify.net,applesupport-verify.net,,,,,,1
bundled_local,EMAIL_000391,Refund Pending - Claim Now,Your payment method has expired. Update it now: bit.ly/x4dn7x,Refund Pending - Claim Now Your payment method has expired. Update it now: bit.ly/x4dn7x,verify@micros0ft-account.ru,micros0ft-account.ru,,,,,,1
bundled_local,EMAIL_000452,Urgent: Verify Your Account,Amazon detected unauthorized access. Verify your account: bit.ly/iij6rf,Urgent: Verify Your Account Amazon detected unauthorized access. Verify your account: bit.ly/iij6rf,security@google-account.tk,google-account.tk,,,,,,1
bundled_local,EMAIL_000285,Bank Security Alert,Click here immediately to verify your account before it gets suspended: bit.ly/k8ihw8,Bank Security Alert Click here immediately to verify your account before it gets suspended: bit.ly/k8ihw8,help@applesupport-verify.net,applesupport-verify.net,,,,,,1
bundled_local,EMAIL_000150,Update Payment Method Required,Amazon detected unauthorized access. Verify your account: bit.ly/l6x1p7,Update Payment Method Required Amazon detected unauthorized access. Verify your account: bit.ly/l6x1p7,admin@bank-security-check.xyz,bank-security-check.xyz,,,,,,1
bundled_local,EMAIL_000390,Bank Security Alert,Amazon detected unauthorized access. Verify your account: bit.ly/m5g0fa,Bank Security Alert Amazon detected unauthorized access. Verify your account: bit.ly/m5g0fa,verify@micros0ft-account.ru,micros0ft-account.ru,,,,,,1
bundled_local,EMAIL_000360,Confirm Your Identity Now,Your Microsoft account needs immediate attention: bit.ly/rgv5j2,Confirm Your Identity Now Your Microsoft account needs immediate attention: bit.ly/rgv5j2,noreply@amaz0n-security.com,amaz0n-security.com,,,,,,1
bundled_local,EMAIL_000325,Your Account Has Been Compromised,Your Netflix subscription needs updating: bit.ly/wqytcx,Your Account Has Been Compromised Your Netflix subscription needs updating: bit.ly/wqytcx,verify@micros0ft-account.ru,micros0ft-account.ru,,,,,,1
bundled_local,EMAIL_000300,Action Required: Unusual Activity Detected,Amazon detected unauthorized access. Verify your account: bit.ly/ktoen3,Action Required: Unusual Activity Detected Amazon detected unauthorized access. Verify your account: bit.ly/ktoen3,support@paypa1-verify.com,paypa1-verify.com,,,,,,1
bundled_local,EMAIL_000418,Click Here to Confirm Your Password,PayPal security alert. Confirm your information: bit.ly/ivzf3c,Click Here to Confirm Your Password PayPal security alert. Confirm your information: bit.ly/ivzf3c,support@paypa1-verify.com,paypa1-verify.com,,,,,,1
bundled_local,EMAIL_000280,Urgent: Verify Your Account,We noticed unusual activity. Please confirm your password: bit.ly/o3aoo1,Urgent: Verify Your Account We noticed unusual activity. Please confirm your password: bit.ly/o3aoo1,support@paypa1-verify.com,paypa1-verify.com,,,,,,1
bundled_local,EMAIL_000220,Your Account Has Been Compromised,Confirm receipt of package: bit.ly/r7w65r,Your Account Has Been Compromised Confirm receipt of package: bit.ly/r7w65r,verify@micros0ft-account.ru,micros0ft-account.ru,,,,,,1
bundled_local,EMAIL_000412,Update Payment Method Required,Congratulations! You've won $5000. Claim your prize: bit.ly/93wjjz,Update Payment Method Required Congratulations! You've won $5000. Claim your prize: bit.ly/93wjjz,verify@micros0ft-account.ru,micros0ft-account.ru,,,,,,1
bundled_local,EMAIL_000475,Congratulations! You've Won a Prize,Your Microsoft account needs immediate attention: bit.ly/yb0fik,Congratulations! You've Won a Prize Your Microsoft account needs immediate attention: bit.ly/yb0fik,admin@bank-security-check.xyz,bank-security-check.xyz,,,,,,1
bundled_local,EMAIL_000327,Update Payment Method Required,Congratulations! You've won $5000. Claim your prize: bit.ly/9re4ye,Update Payment Method Required Congratulations! You've won $5000. Claim your prize: bit.ly/9re4ye,admin@bank-security-check.xyz,bank-security-check.xyz,,,,,,1
bundled_local,EMAIL_000005,Confirm Your Identity Now,Your payment method has expired. Update it now: bit.ly/49p5ru,Confirm Your Identity Now Your payment method has expired. Update it now: bit.ly/49p5ru,support@paypa1-verify.com,paypa1-verify.com,,,,,,1
bundled_local,EMAIL_000221,Your Account Has Been Compromised,Congratulations! You've won $5000. Claim your prize: bit.ly/m62bbl,Your Account Has Been Compromised Congratulations! You've won $5000. Claim your prize: bit.ly/m62bbl,verify@micros0ft-account.ru,micros0ft-account.ru,,,,,,1
bundled_local,EMAIL_000396,Your Account Has Been Compromised,Amazon detected unauthorized access. Verify your account: bit.ly/bjtd67,Your Account Has Been Compromised Amazon detected unauthorized access. Verify your account: bit.ly/bjtd67,noreply@amaz0n-security.com,amaz0n-security.com,,,,,,1
bundled_local,EMAIL_000481,Click Here to Confirm Your Password,PayPal security alert. Confirm your information: bit.ly/wlzhl9,Click Here to Confirm Your Password PayPal security alert. Confirm your information: bit.ly/wlzhl9,admin@bank-security-check.xyz,bank-security-check.xyz,,,,,,1
bundled_local,EMAIL_000174,Bank Security Alert,We noticed unusual activity. Please confirm your password: bit.ly/afz0g3,Bank Security Alert We noticed unusual activity. Please confirm your password: bit.ly/afz0g3,verify@micros0ft-account.ru,micros0ft-account.ru,,,,,,1
bundled_local,EMAIL_000239,Refund Pending - Claim Now,Congratulations! You've won $5000. Claim your prize: bit.ly/age50p,Refund Pending - Claim Now Congratulations! You've won $5000. Claim your prize: bit.ly/age50p,verify@micros0ft-account.ru,micros0ft-account.ru,,,,,,1
bundled_local,EMAIL_000142,Update Payment Method Required,Amazon detected unauthorized access. Verify your account: bit.ly/pioonj,Update Payment Method Required Amazon detected unauthorized access. Verify your account: bit.ly/pioonj,support@paypa1-verify.com,paypa1-verify.com,,,,,,1
bundled_local,EMAIL_000236,Bank Security Alert,Amazon detected unauthorized access. Verify your account: bit.ly/2qbwc8,Bank Security Alert Amazon detected unauthorized access. Verify your account: bit.ly/2qbwc8,noreply@amaz0n-security.com,amaz0n-security.com,,,,,,1
bundled_local,EMAIL_000122,Refund Pending - Claim Now,Amazon detected unauthorized access. Verify your account: bit.ly/012csp,Refund Pending - Claim Now Amazon detected unauthorized access. Verify your account: bit.ly/012csp,security@google-account.tk,google-account.tk,,,,,,1
bundled_local,EMAIL_000210,Update Payment Method Required,IRS tax refund ready for pickup. Claim here: bit.ly/njjd52,Update Payment Method Required IRS tax refund ready for pickup. Claim here: bit.ly/njjd52,support@paypa1-verify.com,paypa1-verify.com,,,,,,1
bundled_local,EMAIL_000477,Action Required: Unusual Activity Detected,Amazon detected unauthorized access. Verify your account: bit.ly/y5zhmy,Action Required: Unusual Activity Detected Amazon detected unauthorized access. Verify your account: bit.ly/y5zhmy,noreply@amaz0n-security.com,amaz0n-security.com,,,,,,1
bundled_local,EMAIL_000103,Click Here to Confirm Your Password,Your payment method has expired. Update it now: bit.ly/4i4b5u,Click Here to Confirm Your Password Your payment method has expired. Update it now: bit.ly/4i4b5u,security@google-account.tk,google-account.tk,,,,,,1
bundled_local,EMAIL_000086,Urgent: Verify Your Account,Click here immediately to verify your account before it gets suspended: bit.ly/utij2g,Urgent: Verify Your Account Click here immediately to verify your account before it gets suspended: bit.ly/utij2g,noreply@amaz0n-security.com,amaz0n-security.com,,,,,,1
bundled_local,EMAIL_000457,Update Payment Method Required,Your Microsoft account needs immediate attention: bit.ly/9syuqn,Update Payment Method Required Your Microsoft account needs immediate attention: bit.ly/9syuqn,security@google-account.tk,google-account.tk,,,,,,1
bundled_local,EMAIL_000305,Bank Security Alert,We noticed unusual activity. Please confirm your password: bit.ly/tgqvro,Bank Security Alert We noticed unusual activity. Please confirm your password: bit.ly/tgqvro,help@applesupport-verify.net,applesupport-verify.net,,,,,,1
bundled_local,EMAIL_000384,Refund Pending - Claim Now,Amazon detected unauthorized access. Verify your account: bit.ly/qhvs3o,Refund Pending - Claim Now Amazon detected unauthorized access. Verify your account: bit.ly/qhvs3o,security@google-account.tk,google-account.tk,,,,,,1
bundled_local,EMAIL_000048,Your Package Delivery Failed,We noticed unusual activity. Please confirm your password: bit.ly/hq6wga,Your Package Delivery Failed We noticed unusual activity. Please confirm your password: bit.ly/hq6wga,support@paypa1-verify.com,paypa1-verify.com,,,,,,1
bundled_local,EMAIL_000132,Congratulations! You've Won a Prize,Your Microsoft account needs immediate attention: bit.ly/5lr2c7,Congratulations! You've Won a Prize Your Microsoft account needs immediate attention: bit.ly/5lr2c7,support@paypa1-verify.com,paypa1-verify.com,,,,,,1
bundled_local,EMAIL_000195,Action Required: Unusual Activity Detected,We noticed unusual activity. Please confirm your password: bit.ly/vvzmnc,Action Required: Unusual Activity Detected We noticed unusual activity. Please confirm your password: bit.ly/vvzmnc,support@paypa1-verify.com,paypa1-verify.com,,,,,,1
bundled_local,EMAIL_000498,Action Required: Unusual Activity Detected,We noticed unusual activity. Please confirm your password: bit.ly/yndg5k,Action Required: Unusual Activity Detected We noticed unusual activity. Please confirm your password: bit.ly/yndg5k,verify@micros0ft-account.ru,micros0ft-account.ru,,,,,,1
bundled_local,EMAIL_000051,Bank Security Alert,Confirm receipt of package: bit.ly/c4p3ob,Bank Security Alert Confirm receipt of package: bit.ly/c4p3ob,admin@bank-security-check.xyz,bank-security-check.xyz,,,,,,1
bundled_local,EMAIL_000121,Congratulations! You've Won a Prize,PayPal security alert. Confirm your information: bit.ly/1qy2xv,Congratulations! You've Won a Prize PayPal security alert. Confirm your information: bit.ly/1qy2xv,help@applesupport-verify.net,applesupport-verify.net,,,,,,1
bundled_local,EMAIL_000520,Annual Leave Request Approved,"Hi, just wanted to follow up on our discussion. Looking forward to the meeting tomorrow.","Annual Leave Request Approved Hi, just wanted to follow up on our discussion. Looking forward to the meeting tomorrow.",team@workplace.com,workplace.com,,,,,,0
bundled_local,EMAIL_000054,Your Package Delivery Failed,Congratulations! You've won $5000. Claim your prize: bit.ly/0vq64r,Your Package Delivery Failed Congratulations! You've won $5000. Claim your prize: bit.ly/0vq64r,noreply@amaz0n-security.com,amaz0n-security.com,,,,,,1
bundled_local,EMAIL_000342,Update Payment Method Required,Click here immediately to verify your account before it gets suspended: bit.ly/re8ses,Update Payment Method Required Click here immediately to verify your account before it gets suspended: bit.ly/re8ses,noreply@amaz0n-security.com,amaz0n-security.com,,,,,,1
bundled_local,EMAIL_000035,Update Payment Method Required,Amazon detected unauthorized access. Verify your account: bit.ly/v2a4ab,Update Payment Method Required Amazon detected unauthorized access. Verify your account: bit.ly/v2a4ab,support@paypa1-verify.com,paypa1-verify.com,,,,,,1
bundled_local,EMAIL_000212,Your Package Delivery Failed,Your Microsoft account needs immediate attention: bit.ly/omw4fg,Your Package Delivery Failed Your Microsoft account needs immediate attention: bit.ly/omw4fg,noreply@amaz0n-security.com,amaz0n-security.com,,,,,,1
bundled_local,EMAIL_000459,Confirm Your Identity Now,Your Microsoft account needs immediate attention: bit.ly/720cop,Confirm Your Identity Now Your Microsoft account needs immediate attention: bit.ly/720cop,help@applesupport-verify.net,applesupport-verify.net,,,,,,1
bundled_local,EMAIL_000332,Urgent: Verify Your Account,Amazon detected unauthorized access. Verify your account: bit.ly/189gnl,Urgent: Verify Your Account Amazon detected unauthorized access. Verify your account: bit.ly/189gnl,verify@micros0ft-account.ru,micros0ft-account.ru,,,,,,1
bundled_local,EMAIL_000068,Bank Security Alert,Amazon detected unauthorized access. Verify your account: bit.ly/fythrf,Bank Security Alert Amazon detected unauthorized access. Verify your account: bit.ly/fythrf,admin@bank-security-check.xyz,bank-security-check.xyz,,,,,,1
bundled_local,EMAIL_000042,Congratulations! You've Won a Prize,Your Microsoft account needs immediate attention: bit.ly/omfkk8,Congratulations! You've Won a Prize Your Microsoft account needs immediate attention: bit.ly/omfkk8,admin@bank-security-check.xyz,bank-security-check.xyz,,,,,,1
bundled_local,EMAIL_000381,Update Payment Method Required,Congratulations! You've won $5000. Claim your prize: bit.ly/99yvo6,Update Payment Method Required Congratulations! You've won $5000. Claim your prize: bit.ly/99yvo6,noreply@amaz0n-security.com,amaz0n-security.com,,,,,,1
bundled_local,EMAIL_000148,Urgent: Verify Your Account,IRS tax refund ready for pickup. Claim here: bit.ly/uyfn8s,Urgent: Verify Your Account IRS tax refund ready for pickup. Claim here: bit.ly/uyfn8s,security@google-account.tk,google-account.tk,,,,,,1
bundled_local,EMAIL_000333,Click Here to Confirm Your Password,Your Microsoft account needs immediate attention: bit.ly/nge2k8,Click Here to Confirm Your Password Your Microsoft account needs immediate attention: bit.ly/nge2k8,security@google-account.tk,google-account.tk,,,,,,1
bundled_local,EMAIL_000059,Click Here to Confirm Your Password,IRS tax refund ready for pickup. Claim here: bit.ly/eaxier,Click Here to Confirm Your Password IRS tax refund ready for pickup. Claim here: bit.ly/eaxier,admin@bank-security-check.xyz,bank-security-check.xyz,,,,,,1
bundled_local,EMAIL_000198,Click Here to Confirm Your Password,Your payment method has expired. Update it now: bit.ly/3nvfmw,Click Here to Confirm Your Password Your payment method has expired. Update it now: bit.ly/3nvfmw,help@applesupport-verify.net,applesupport-verify.net,,,,,,1
bundled_local,EMAIL_000270,Action Required: Unusual Activity Detected,Your Netflix subscription needs updating: bit.ly/0tde34,Action Required: Unusual Activity Detected Your Netflix subscription needs updating: bit.ly/0tde34,noreply@amaz0n-security.com,amaz0n-security.com,,,,,,1
bundled_local,EMAIL_000092,Confirm Your Identity Now,Your Microsoft account needs immediate attention: bit.ly/9mfzw7,Confirm Your Identity Now Your Microsoft account needs immediate attention: bit.ly/9mfzw7,noreply@amaz0n-security.com,amaz0n-security.com,,,,,,1
bundled_local,EMAIL_000170,Congratulations! You've Won a Prize,PayPal security alert. Confirm your information: bit.ly/dvpxmo,Congratulations! You've Won a Prize PayPal security alert. Confirm your information: bit.ly/dvpxmo,security@google-account.tk,google-account.tk,,,,,,1
bundled_local,EMAIL_000289,Update Payment Method Required,Click here immediately to verify your account before it gets suspended: bit.ly/cxrg8o,Update Payment Method Required Click here immediately to verify your account before it gets suspended: bit.ly/cxrg8o,security@google-account.tk,google-account.tk,,,,,,1
bundled_local,EMAIL_000291,Your Package Delivery Failed,Your payment method has expired. Update it now: bit.ly/e84rhs,Your Package Delivery Failed Your payment method has expired. Update it now: bit.ly/e84rhs,noreply@amaz0n-security.com,amaz0n-security.com,,,,,,1
bundled_local,EMAIL_000101,Congratulations! You've Won a Prize,We noticed unusual activity. Please confirm your password: bit.ly/deyv8m,Congratulations! You've Won a Prize We noticed unusual activity. Please confirm your password: bit.ly/deyv8m,admin@bank-security-check.xyz,bank-security-check.xyz,,,,,,1
bundled_local,EMAIL_000446,Your Package Delivery Failed,Congratulations! You've won $5000. Claim your prize: bit.ly/8tv80b,Your Package Delivery Failed Congratulations! You've won $5000. Claim your prize: bit.ly/8tv80b,security@google-account.tk,google-account.tk,,,,,,1
bundled_local,EMAIL_000461,Update Payment Method Required,We noticed unusual activity. Please confirm your password: bit.ly/a7y8lf,Update Payment Method Required We noticed unusual activity. Please confirm your password: bit.ly/a7y8lf,noreply@amaz0n-security.com,amaz0n-security.com,,,,,,1
bundled_local,EMAIL_000426,Bank Security Alert,Your payment method has expired. Update it now: bit.ly/goxcd3,Bank Security Alert Your payment method has expired. Update it now: bit.ly/goxcd3,verify@micros0ft-account.ru,micros0ft-account.ru,,,,,,1
bundled_local,EMAIL_000298,Update Payment Method Required,Click here immediately to verify your account before it gets suspended: bit.ly/e4zn7n,Update Payment Method Required Click here immediately to verify your account before it gets suspended: bit.ly/e4zn7n,support@paypa1-verify.com,paypa1-verify.com,,,,,,1
bundled_local,EMAIL_000341,Update Payment Method Required,Congratulations! You've won $5000. Claim your prize: bit.ly/mg3q98,Update Payment Method Required Congratulations! You've won $5000. Claim your prize: bit.ly/mg3q98,support@paypa1-verify.com,paypa1-verify.com,,,,,,1
bundled_local,EMAIL_000131,Click Here to Confirm Your Password,Congratulations! You've won $5000. Claim your prize: bit.ly/mjwhf9,Click Here to Confirm Your Password Congratulations! You've won $5000. Claim your prize: bit.ly/mjwhf9,security@google-account.tk,google-account.tk,,,,,,1
bundled_local,EMAIL_000157,Refund Pending - Claim Now,Your Microsoft account needs immediate attention: bit.ly/13kyb8,Refund Pending - Claim Now Your Microsoft account needs immediate attention: bit.ly/13kyb8,support@paypa1-verify.com,paypa1-verify.com,,,,,,1
bundled_local,EMAIL_000286,Urgent: Verify Your Account,Your payment method has expired. Update it now: bit.ly/r2tahs,Urgent: Verify Your Account Your payment method has expired. Update it now: bit.ly/r2tahs,verify@micros0ft-account.ru,micros0ft-account.ru,,,,,,1
bundled_local,EMAIL_000215,Urgent: Verify Your Account,We noticed unusual activity. Please confirm your password: bit.ly/ul027u,Urgent: Verify Your Account We noticed unusual activity. Please confirm your password: bit.ly/ul027u,help@applesupport-verify.net,applesupport-verify.net,,,,,,1
bundled_local,EMAIL_000052,Urgent: Verify Your Account,Click here immediately to verify your account before it gets suspended: bit.ly/rx2qkd,Urgent: Verify Your Account Click here immediately to verify your account before it gets suspended: bit.ly/rx2qkd,help@applesupport-verify.net,applesupport-verify.net,,,,,,1
bundled_local,EMAIL_000246,Update Payment Method Required,Amazon detected unauthorized access. Verify your account: bit.ly/kt4irq,Update Payment Method Required Amazon detected unauthorized access. Verify your account: bit.ly/kt4irq,noreply@amaz0n-security.com,amaz0n-security.com,,,,,,1
bundled_local,EMAIL_000301,Bank Security Alert,Amazon detected unauthorized access. Verify your account: bit.ly/jar19z,Bank Security Alert Amazon detected unauthorized access. Verify your account: bit.ly/jar19z,noreply@amaz0n-security.com,amaz0n-security.com,,,,,,1
bundled_local,EMAIL_000079,Click Here to Confirm Your Password,Your payment method has expired. Update it now: bit.ly/5ucljl,Click Here to Confirm Your Password Your payment method has expired. Update it now: bit.ly/5ucljl,admin@bank-security-check.xyz,bank-security-check.xyz,,,,,,1
bundled_local,EMAIL_000288,Update Payment Method Required,Your Microsoft account needs immediate attention: bit.ly/ew5ugo,Update Payment Method Required Your Microsoft account needs immediate attention: bit.ly/ew5ugo,verify@micros0ft-account.ru,micros0ft-account.ru,,,,,,1
bundled_local,EMAIL_000279,Click Here to Confirm Your Password,Confirm receipt of package: bit.ly/xr9iyo,Click Here to Confirm Your Password Confirm receipt of package: bit.ly/xr9iyo,security@google-account.tk,google-account.tk,,,,,,1
bundled_local,EMAIL_000295,Your Account Has Been Compromised,Congratulations! You've won $5000. Claim your prize: bit.ly/c0xtsc,Your Account Has Been Compromised Congratulations! You've won $5000. Claim your prize: bit.ly/c0xtsc,noreply@amaz0n-security.com,amaz0n-security.com,,,,,,1
bundled_local,EMAIL_000398,Your Package Delivery Failed,Congratulations! You've won $5000. Claim your prize: bit.ly/fcp1b3,Your Package Delivery Failed Congratulations! You've won $5000. Claim your prize: bit.ly/fcp1b3,verify@micros0ft-account.ru,micros0ft-account.ru,,,,,,1
bundled_local,EMAIL_000013,Refund Pending - Claim Now,Amazon detected unauthorized access. Verify your account: bit.ly/9s9ad4,Refund Pending - Claim Now Amazon detected unauthorized access. Verify your account: bit.ly/9s9ad4,admin@bank-security-check.xyz,bank-security-check.xyz,,,,,,1
bundled_local,EMAIL_000000,Confirm Your Identity Now,Amazon detected unauthorized access. Verify your account: bit.ly/ss3y7p,Confirm Your Identity Now Amazon detected unauthorized access. Verify your account: bit.ly/ss3y7p,verify@micros0ft-account.ru,micros0ft-account.ru,,,,,,1
bundled_local,EMAIL_000033,Congratulations! You've Won a Prize,We noticed unusual activity. Please confirm your password: bit.ly/ypb31d,Congratulations! You've Won a Prize We noticed unusual activity. Please confirm your password: bit.ly/ypb31d,noreply@amaz0n-security.com,amaz0n-security.com,,,,,,1
bundled_local,EMAIL_000075,Click Here to Confirm Your Password,We noticed unusual activity. Please confirm your password: bit.ly/y1xl3q,Click Here to Confirm Your Password We noticed unusual activity. Please confirm your password: bit.ly/y1xl3q,support@paypa1-verify.com,paypa1-verify.com,,,,,,1
bundled_local,EMAIL_000180,Congratulations! You've Won a Prize,IRS tax refund ready for pickup. Claim here: bit.ly/2mk3b5,Congratulations! You've Won a Prize IRS tax refund ready for pickup. Claim here: bit.ly/2mk3b5,noreply@amaz0n-security.com,amaz0n-security.com,,,,,,1
bundled_local,EMAIL_000254,Click Here to Confirm Your Password,IRS tax refund ready for pickup. Claim here: bit.ly/s1972f,Click Here to Confirm Your Password IRS tax refund ready for pickup. Claim here: bit.ly/s1972f,security@google-account.tk,google-account.tk,,,,,,1
bundled_local,EMAIL_000496,Your Account Has Been Compromised,Your Netflix subscription needs updating: bit.ly/axi70k,Your Account Has Been Compromised Your Netflix subscription needs updating: bit.ly/axi70k,admin@bank-security-check.xyz,bank-security-check.xyz,,,,,,1
bundled_local,EMAIL_000029,Urgent: Verify Your Account,Amazon detected unauthorized access. Verify your account: bit.ly/h0qfg6,Urgent: Verify Your Account Amazon detected unauthorized access. Verify your account: bit.ly/h0qfg6,security@google-account.tk,google-account.tk,,,,,,1
bundled_local,EMAIL_000151,Urgent: Verify Your Account,Amazon detected unauthorized access. Verify your account: bit.ly/uxilmz,Urgent: Verify Your Account Amazon detected unauthorized access. Verify your account: bit.ly/uxilmz,support@paypa1-verify.com,paypa1-verify.com,,,,,,1
bundled_local,EMAIL_000294,Congratulations! You've Won a Prize,We noticed unusual activity. Please confirm your password: bit.ly/u5zvav,Congratulations! You've Won a Prize We noticed unusual activity. Please confirm your password: bit.ly/u5zvav,security@google-account.tk,google-account.tk,,,,,,1
bundled_local,EMAIL_000476,Congratulations! You've Won a Prize,PayPal security alert. Confirm your information: bit.ly/igg63z,Congratulations! You've Won a Prize PayPal security alert. Confirm your information: bit.ly/igg63z,admin@bank-security-check.xyz,bank-security-check.xyz,,,,,,1
bundled_local,EMAIL_000060,Urgent: Verify Your Account,PayPal security alert. Confirm your information: bit.ly/9c6dfp,Urgent: Verify Your Account PayPal security alert. Confirm your information: bit.ly/9c6dfp,support@paypa1-verify.com,paypa1-verify.com,,,,,,1
bundled_local,EMAIL_000350,Confirm Your Identity Now,Your Netflix subscription needs updating: bit.ly/0bsy0h,Confirm Your Identity Now Your Netflix subscription needs updating: bit.ly/0bsy0h,security@google-account.tk,google-account.tk,,,,,,1
bundled_local,EMAIL_000400,Action Required: Unusual Activity Detected,Amazon detected unauthorized access. Verify your account: bit.ly/el5g2v,Action Required: Unusual Activity Detected Amazon detected unauthorized access. Verify your account: bit.ly/el5g2v,admin@bank-security-check.xyz,bank-security-check.xyz,,,,,,1
bundled_local,EMAIL_000147,Congratulations! You've Won a Prize,Your Netflix subscription needs updating: bit.ly/nq8ix3,Congratulations! You've Won a Prize Your Netflix subscription needs updating: bit.ly/nq8ix3,verify@micros0ft-account.ru,micros0ft-account.ru,,,,,,1
bundled_local,EMAIL_000458,Your Package Delivery Failed,PayPal security alert. Confirm your information: bit.ly/5mu9yn,Your Package Delivery Failed PayPal security alert. Confirm your information: bit.ly/5mu9yn,verify@micros0ft-account.ru,micros0ft-account.ru,,,,,,1
bundled_local,EMAIL_000355,Action Required: Unusual Activity Detected,IRS tax refund ready for pickup. Claim here: bit.ly/3s5t1r,Action Required: Unusual Activity Detected IRS tax refund ready for pickup. Claim here: bit.ly/3s5t1r,verify@micros0ft-account.ru,micros0ft-account.ru,,,,,,1
bundled_local,EMAIL_000123,Your Account Has Been Compromised,We noticed unusual activity. Please confirm your password: bit.ly/5cng04,Your Account Has Been Compromised We noticed unusual activity. Please confirm your password: bit.ly/5cng04,noreply@amaz0n-security.com,amaz0n-security.com,,,,,,1
bundled_local,EMAIL_000274,Bank Security Alert,We noticed unusual activity. Please confirm your password: bit.ly/wnjc4y,Bank Security Alert We noticed unusual activity. Please confirm your password: bit.ly/wnjc4y,help@applesupport-verify.net,applesupport-verify.net,,,,,,1
bundled_local,EMAIL_000484,Bank Security Alert,Confirm receipt of package: bit.ly/vlmz2s,Bank Security Alert Confirm receipt of package: bit.ly/vlmz2s,noreply@amaz0n-security.com,amaz0n-security.com,,,,,,1
bundled_local,EMAIL_000175,Action Required: Unusual Activity Detected,Your Netflix subscription needs updating: bit.ly/c8caye,Action Required: Unusual Activity Detected Your Netflix subscription needs updating: bit.ly/c8caye,verify@micros0ft-account.ru,micros0ft-account.ru,,,,,,1
bundled_local,EMAIL_000009,Your Account Has Been Compromised,Your Netflix subscription needs updating: bit.ly/9gzr5d,Your Account Has Been Compromised Your Netflix subscription needs updating: bit.ly/9gzr5d,admin@bank-security-check.xyz,bank-security-check.xyz,,,,,,1
bundled_local,EMAIL_000297,Click Here to Confirm Your Password,Click here immediately to verify your account before it gets suspended: bit.ly/fp29pm,Click Here to Confirm Your Password Click here immediately to verify your account before it gets suspended: bit.ly/fp29pm,noreply@amaz0n-security.com,amaz0n-security.com,,,,,,1
bundled_local,EMAIL_000371,Bank Security Alert,Click here immediately to verify your account before it gets suspended: bit.ly/9rr15d,Bank Security Alert Click here immediately to verify your account before it gets suspended: bit.ly/9rr15d,noreply@amaz0n-security.com,amaz0n-security.com,,,,,,1
bundled_local,EMAIL_000471,Congratulations! You've Won a Prize,Your payment method has expired. Update it now: bit.ly/igs8mk,Congratulations! You've Won a Prize Your payment method has expired. Update it now: bit.ly/igs8mk,noreply@amaz0n-security.com,amaz0n-security.com,,,,,,1
bundled_local,EMAIL_000310,Bank Security Alert,We noticed unusual activity. Please confirm your password: bit.ly/uc8cyy,Bank Security Alert We noticed unusual activity. Please confirm your password: bit.ly/uc8cyy,help@applesupport-verify.net,applesupport-verify.net,,,,,,1
bundled_local,EMAIL_000135,Action Required: Unusual Activity Detected,Click here immediately to verify your account before it gets suspended: bit.ly/doi54v,Action Required: Unusual Activity Detected Click here immediately to verify your account before it gets suspended: bit.ly/doi54v,help@applesupport-verify.net,applesupport-verify.net,,,,,,1
bundled_local,EMAIL_000308,Congratulations! You've Won a Prize,Congratulations! You've won $5000. Claim your prize: bit.ly/ejzydb,Congratulations! You've Won a Prize Congratulations! You've won $5000. Claim your prize: bit.ly/ejzydb,help@applesupport-verify.net,applesupport-verify.net,,,,,,1
bundled_local,EMAIL_000379,Refund Pending - Claim Now,Your Netflix subscription needs updating: bit.ly/9yoc5t,Refund Pending - Claim Now Your Netflix subscription needs updating: bit.ly/9yoc5t,verify@micros0ft-account.ru,micros0ft-account.ru,,,,,,1
bundled_local,EMAIL_000343,Congratulations! You've Won a Prize,IRS tax refund ready for pickup. Claim here: bit.ly/gkoqao,Congratulations! You've Won a Prize IRS tax refund ready for pickup. Claim here: bit.ly/gkoqao,help@applesupport-verify.net,applesupport-verify.net,,,,,,1
bundled_local,EMAIL_000171,Update Payment Method Required,PayPal security alert. Confirm your information: bit.ly/o12kln,Update Payment Method Required PayPal security alert. Confirm your information: bit.ly/o12kln,support@paypa1-verify.com,paypa1-verify.com,,,,,,1
bundled_local,EMAIL_000154,Your Account Has Been Compromised,Amazon detected unauthorized access. Verify your account: bit.ly/2s3bgn,Your Account Has Been Compromised Amazon detected unauthorized access. Verify your account: bit.ly/2s3bgn,support@paypa1-verify.com,paypa1-verify.com,,,,,,1
bundled_local,EMAIL_000337,Update Payment Method Required,Your payment method has expired. Update it now: bit.ly/o8328z,Update Payment Method Required Your payment method has expired. Update it now: bit.ly/o8328z,admin@bank-security-check.xyz,bank-security-check.xyz,,,,,,1
bundled_local,EMAIL_000107,Action Required: Unusual Activity Detected,We noticed unusual activity. Please confirm your password: bit.ly/0j4djp,Action Required: Unusual Activity Detected We noticed unusual activity. Please confirm your password: bit.ly/0j4djp,admin@bank-security-check.xyz,bank-security-check.xyz,,,,,,1
bundled_local,EMAIL_000469,Your Account Has Been Compromised,We noticed unusual activity. Please confirm your password: bit.ly/6sqjui,Your Account Has Been Compromised We noticed unusual activity. Please confirm your password: bit.ly/6sqjui,noreply@amaz0n-security.com,amaz0n-security.com,,,,,,1
bundled_local,EMAIL_000015,Refund Pending - Claim Now,Your Netflix subscription needs updating: bit.ly/a9xvnl,Refund Pending - Claim Now Your Netflix subscription needs updating: bit.ly/a9xvnl,verify@micros0ft-account.ru,micros0ft-account.ru,,,,,,1
bundled_local,EMAIL_000277,Refund Pending - Claim Now,Click here immediately to verify your account before it gets suspended: bit.ly/i94a1b,Refund Pending - Claim Now Click here immediately to verify your account before it gets suspended: bit.ly/i94a1b,security@google-account.tk,google-account.tk,,,,,,1
bundled_local,EMAIL_000046,Congratulations! You've Won a Prize,Your Microsoft account needs immediate attention: bit.ly/7v8y3z,Congratulations! You've Won a Prize Your Microsoft account needs immediate attention: bit.ly/7v8y3z,help@applesupport-verify.net,applesupport-verify.net,,,,,,1
bundled_local,EMAIL_000020,Urgent: Verify Your Account,Amazon detected unauthorized access. Verify your account: bit.ly/pxx2pi,Urgent: Verify Your Account Amazon detected unauthorized access. Verify your account: bit.ly/pxx2pi,help@applesupport-verify.net,applesupport-verify.net,,,,,,1
bundled_local,EMAIL_000243,Congratulations! You've Won a Prize,PayPal security alert. Confirm your information: bit.ly/hzl8ae,Congratulations! You've Won a Prize PayPal security alert. Confirm your information: bit.ly/hzl8ae,noreply@amaz0n-security.com,amaz0n-security.com,,,,,,1
bundled_local,EMAIL_000166,Action Required: Unusual Activity Detected,Your Microsoft account needs immediate attention: bit.ly/8uee9s,Action Required: Unusual Activity Detected Your Microsoft account needs immediate attention: bit.ly/8uee9s,security@google-account.tk,google-account.tk,,,,,,1
bundled_local,EMAIL_000273,Confirm Your Identity Now,Congratulations! You've won $5000. Claim your prize: bit.ly/jgjgo7,Confirm Your Identity Now Congratulations! You've won $5000. Claim your prize: bit.ly/jgjgo7,verify@micros0ft-account.ru,micros0ft-account.ru,,,,,,1
bundled_local,EMAIL_000383,Update Payment Method Required,IRS tax refund ready for pickup. Claim here: bit.ly/0b6dk6,Update Payment Method Required IRS tax refund ready for pickup. Claim here: bit.ly/0b6dk6,verify@micros0ft-account.ru,micros0ft-account.ru,,,,,,1
bundled_local,EMAIL_000290,Your Account Has Been Compromised,Amazon detected unauthorized access. Verify your account: bit.ly/0hugnm,Your Account Has Been Compromised Amazon detected unauthorized access. Verify your account: bit.ly/0hugnm,admin@bank-security-check.xyz,bank-security-check.xyz,,,,,,1
bundled_local,EMAIL_000434,Bank Security Alert,Your Microsoft account needs immediate attention: bit.ly/g0a835,Bank Security Alert Your Microsoft account needs immediate attention: bit.ly/g0a835,help@applesupport-verify.net,applesupport-verify.net,,,,,,1
bundled_local,EMAIL_000053,Your Account Has Been Compromised,PayPal security alert. Confirm your information: bit.ly/79a3ri,Your Account Has Been Compromised PayPal security alert. Confirm your information: bit.ly/79a3ri,verify@micros0ft-account.ru,micros0ft-account.ru,,,,,,1
bundled_local,EMAIL_000361,Refund Pending - Claim Now,We noticed unusual activity. Please confirm your password: bit.ly/mb9973,Refund Pending - Claim Now We noticed unusual activity. Please confirm your password: bit.ly/mb9973,help@applesupport-verify.net,applesupport-verify.net,,,,,,1
bundled_local,EMAIL_000073,Action Required: Unusual Activity Detected,Congratulations! You've won $5000. Claim your prize: bit.ly/cy9bnx,Action Required: Unusual Activity Detected Congratulations! You've won $5000. Claim your prize: bit.ly/cy9bnx,support@paypa1-verify.com,paypa1-verify.com,,,,,,1
bundled_local,EMAIL_000326,Your Package Delivery Failed,Confirm receipt of package: bit.ly/tx228j,Your Package Delivery Failed Confirm receipt of package: bit.ly/tx228j,admin@bank-security-check.xyz,bank-security-check.xyz,,,,,,1
bundled_local,EMAIL_000399,Your Package Delivery Failed,Click here immediately to verify your account before it gets suspended: bit.ly/bj3zf8,Your Package Delivery Failed Click here immediately to verify your account before it gets suspended: bit.ly/bj3zf8,support@paypa1-verify.com,paypa1-verify.com,,,,,,1
bundled_local,EMAIL_000193,Action Required: Unusual Activity Detected,IRS tax refund ready for pickup. Claim here: bit.ly/415ngj,Action Required: Unusual Activity Detected IRS tax refund ready for pickup. Claim here: bit.ly/415ngj,help@applesupport-verify.net,applesupport-verify.net,,,,,,1
bundled_local,EMAIL_000406,Bank Security Alert,We noticed unusual activity. Please confirm your password: bit.ly/tiws84,Bank Security Alert We noticed unusual activity. Please confirm your password: bit.ly/tiws84,verify@micros0ft-account.ru,micros0ft-account.ru,,,,,,1
bundled_local,EMAIL_000447,Refund Pending - Claim Now,Your Netflix subscription needs updating: bit.ly/5yg2hl,Refund Pending - Claim Now Your Netflix subscription needs updating: bit.ly/5yg2hl,support@paypa1-verify.com,paypa1-verify.com,,,,,,1
bundled_local,EMAIL_000349,Click Here to Confirm Your Password,Congratulations! You've won $5000. Claim your prize: bit.ly/wmkumr,Click Here to Confirm Your Password Congratulations! You've won $5000. Claim your prize: bit.ly/wmkumr,support@paypa1-verify.com,paypa1-verify.com,,,,,,1
bundled_local,EMAIL_000106,Confirm Your Identity Now,Confirm receipt of package: bit.ly/czqrf8,Confirm Your Identity Now Confirm receipt of package: bit.ly/czqrf8,verify@micros0ft-account.ru,micros0ft-account.ru,,,,,,1
bundled_local,EMAIL_000316,Confirm Your Identity Now,Your payment method has expired. Update it now: bit.ly/tt659c,Confirm Your Identity Now Your payment method has expired. Update it now: bit.ly/tt659c,help@applesupport-verify.net,applesupport-verify.net,,,,,,1
bundled_local,EMAIL_000072,Action Required: Unusual Activity Detected,Congratulations! You've won $5000. Claim your prize: bit.ly/5ljcd4,Action Required: Unusual Activity Detected Congratulations! You've won $5000. Claim your prize: bit.ly/5ljcd4,noreply@amaz0n-security.com,amaz0n-security.com,,,,,,1
bundled_local,EMAIL_000465,Confirm Your Identity Now,Confirm receipt of package: bit.ly/6nbmga,Confirm Your Identity Now Confirm receipt of package: bit.ly/6nbmga,admin@bank-security-check.xyz,bank-security-check.xyz,,,,,,1
bundled_local,EMAIL_000102,Bank Security Alert,Your Netflix subscription needs updating: bit.ly/kgwp5x,Bank Security Alert Your Netflix subscription needs updating: bit.ly/kgwp5x,admin@bank-security-check.xyz,bank-security-check.xyz,,,,,,1
bundled_local,EMAIL_000370,Congratulations! You've Won a Prize,Confirm receipt of package: bit.ly/lnv5bc,Congratulations! You've Won a Prize Confirm receipt of package: bit.ly/lnv5bc,support@paypa1-verify.com,paypa1-verify.com,,,,,,1
bundled_local,EMAIL_000331,Refund Pending - Claim Now,Congratulations! You've won $5000. Claim your prize: bit.ly/qcezvr,Refund Pending - Claim Now Congratulations! You've won $5000. Claim your prize: bit.ly/qcezvr,security@google-account.tk,google-account.tk,,,,,,1
bundled_local,EMAIL_000783,Welcome to Our Newsletter,"Hi, just wanted to follow up on our discussion. Looking forward to the meeting tomorrow.","Welcome to Our Newsletter Hi, just wanted to follow up on our discussion. Looking forward to the meeting tomorrow.",admin@project.com,project.com,,,,,,0
bundled_local,EMAIL_000019,Bank Security Alert,Confirm receipt of package: bit.ly/xutwgy,Bank Security Alert Confirm receipt of package: bit.ly/xutwgy,noreply@amaz0n-security.com,amaz0n-security.com,,,,,,1
bundled_local,EMAIL_000373,Action Required: Unusual Activity Detected,Confirm receipt of package: bit.ly/w64wnw,Action Required: Unusual Activity Detected Confirm receipt of package: bit.ly/w64wnw,support@paypa1-verify.com,paypa1-verify.com,,,,,,1
bundled_local,EMAIL_000394,Urgent: Verify Your Account,Your Microsoft account needs immediate attention: bit.ly/ss19zh,Urgent: Verify Your Account Your Microsoft account needs immediate attention: bit.ly/ss19zh,verify@micros0ft-account.ru,micros0ft-account.ru,,,,,,1
bundled_local,EMAIL_000061,Urgent: Verify Your Account,IRS tax refund ready for pickup. Claim here: bit.ly/590127,Urgent: Verify Your Account IRS tax refund ready for pickup. Claim here: bit.ly/590127,noreply@amaz0n-security.com,amaz0n-security.com,,,,,,1
bundled_local,EMAIL_000351,Click Here to Confirm Your Password,Click here immediately to verify your account before it gets suspended: bit.ly/0b27je,Click Here to Confirm Your Password Click here immediately to verify your account before it gets suspended: bit.ly/0b27je,verify@micros0ft-account.ru,micros0ft-account.ru,,,,,,1
bundled_local,EMAIL_000425,Confirm Your Identity Now,Your Microsoft account needs immediate attention: bit.ly/h0yzoc,Confirm Your Identity Now Your Microsoft account needs immediate attention: bit.ly/h0yzoc,noreply@amaz0n-security.com,amaz0n-security.com,,,,,,1
bundled_local,EMAIL_000494,Click Here to Confirm Your Password,We noticed unusual activity. Please confirm your password: bit.ly/k5t815,Click Here to Confirm Your Password We noticed unusual activity. Please confirm your password: bit.ly/k5t815,verify@micros0ft-account.ru,micros0ft-account.ru,,,,,,1
bundled_local,EMAIL_000251,Action Required: Unusual Activity Detected,Your Netflix subscription needs updating: bit.ly/zcmxxz,Action Required: Unusual Activity Detected Your Netflix subscription needs updating: bit.ly/zcmxxz,support@paypa1-verify.com,paypa1-verify.com,,,,,,1
bundled_local,EMAIL_000463,Confirm Your Identity Now,Confirm receipt of package: bit.ly/0kikun,Confirm Your Identity Now Confirm receipt of package: bit.ly/0kikun,admin@bank-security-check.xyz,bank-security-check.xyz,,,,,,1
bundled_local,EMAIL_000078,Action Required: Unusual Activity Detected,Confirm receipt of package: bit.ly/91gdhv,Action Required: Unusual Activity Detected Confirm receipt of package: bit.ly/91gdhv,admin@bank-security-check.xyz,bank-security-check.xyz,,,,,,1
bundled_local,EMAIL_000432,Refund Pending - Claim Now,Your Microsoft account needs immediate attention: bit.ly/ovmtiy,Refund Pending - Claim Now Your Microsoft account needs immediate attention: bit.ly/ovmtiy,noreply@amaz0n-security.com,amaz0n-security.com,,,,,,1
bundled_local,EMAIL_000049,Update Payment Method Required,Click here immediately to verify your account before it gets suspended: bit.ly/qvk8ku,Update Payment Method Required Click here immediately to verify your account before it gets suspended: bit.ly/qvk8ku,support@paypa1-verify.com,paypa1-verify.com,,,,,,1
bundled_local,EMAIL_000222,Confirm Your Identity Now,Your payment method has expired. Update it now: bit.ly/ewyd82,Confirm Your Identity Now Your payment method has expired. Update it now: bit.ly/ewyd82,help@applesupport-verify.net,applesupport-verify.net,,,,,,1
bundled_local,EMAIL_000023,Confirm Your Identity Now,We noticed unusual activity. Please confirm your password: bit.ly/6cx6kx,Confirm Your Identity Now We noticed unusual activity. Please confirm your password: bit.ly/6cx6kx,admin@bank-security-check.xyz,bank-security-check.xyz,,,,,,1
bundled_local,EMAIL_000040,Your Account Has Been Compromised,Amazon detected unauthorized access. Verify your account: bit.ly/75dnwk,Your Account Has Been Compromised Amazon detected unauthorized access. Verify your account: bit.ly/75dnwk,help@applesupport-verify.net,applesupport-verify.net,,,,,,1
bundled_local,EMAIL_000448,Your Account Has Been Compromised,PayPal security alert. Confirm your information: bit.ly/ogfm6z,Your Account Has Been Compromised PayPal security alert. Confirm your information: bit.ly/ogfm6z,security@google-account.tk,google-account.tk,,,,,,1
bundled_local,EMAIL_000058,Congratulations! You've Won a Prize,Amazon detected unauthorized access. Verify your account: bit.ly/7nvija,Congratulations! You've Won a Prize Amazon detected unauthorized access. Verify your account: bit.ly/7nvija,help@applesupport-verify.net,applesupport-verify.net,,,,,,1
bundled_local,EMAIL_000191,Update Payment Method Required,Click here immediately to verify your account before it gets suspended: bit.ly/irjt03,Update Payment Method Required Click here immediately to verify your account before it gets suspended: bit.ly/irjt03,help@applesupport-verify.net,applesupport-verify.net,,,,,,1
bundled_local,EMAIL_000017,Urgent: Verify Your Account,IRS tax refund ready for pickup. Claim here: bit.ly/e7rnys,Urgent: Verify Your Account IRS tax refund ready for pickup. Claim here: bit.ly/e7rnys,noreply@amaz0n-security.com,amaz0n-security.com,,,,,,1
bundled_local,EMAIL_000268,Congratulations! You've Won a Prize,IRS tax refund ready for pickup. Claim here: bit.ly/clgdh5,Congratulations! You've Won a Prize IRS tax refund ready for pickup. Claim here: bit.ly/clgdh5,verify@micros0ft-account.ru,micros0ft-account.ru,,,,,,1
bundled_local,EMAIL_000250,Refund Pending - Claim Now,Your Netflix subscription needs updating: bit.ly/00lyyd,Refund Pending - Claim Now Your Netflix subscription needs updating: bit.ly/00lyyd,noreply@amaz0n-security.com,amaz0n-security.com,,,,,,1
bundled_local,EMAIL_000430,Refund Pending - Claim Now,Your payment method has expired. Update it now: bit.ly/5r324w,Refund Pending - Claim Now Your payment method has expired. Update it now: bit.ly/5r324w,verify@micros0ft-account.ru,micros0ft-account.ru,,,,,,1
bundled_local,EMAIL_000392,Bank Security Alert,Your Netflix subscription needs updating: bit.ly/x0j3z4,Bank Security Alert Your Netflix subscription needs updating: bit.ly/x0j3z4,admin@bank-security-check.xyz,bank-security-check.xyz,,,,,,1
bundled_local,EMAIL_000380,Update Payment Method Required,Your Netflix subscription needs updating: bit.ly/q4bclb,Update Payment Method Required Your Netflix subscription needs updating: bit.ly/q4bclb,security@google-account.tk,google-account.tk,,,,,,1
bundled_local,EMAIL_000395,Your Package Delivery Failed,Your payment method has expired. Update it now: bit.ly/fkvjo3,Your Package Delivery Failed Your payment method has expired. Update it now: bit.ly/fkvjo3,support@paypa1-verify.com,paypa1-verify.com,,,,,,1
bundled_local,EMAIL_000428,Refund Pending - Claim Now,Click here immediately to verify your account before it gets suspended: bit.ly/1rx856,Refund Pending - Claim Now Click here immediately to verify your account before it gets suspended: bit.ly/1rx856,support@paypa1-verify.com,paypa1-verify.com,,,,,,1
bundled_local,EMAIL_000094,Your Account Has Been Compromised,Click here immediately to verify your account before it gets suspended: bit.ly/xvew5f,Your Account Has Been Compromised Click here immediately to verify your account before it gets suspended: bit.ly/xvew5f,admin@bank-security-check.xyz,bank-security-check.xyz,,,,,,1
bundled_local,EMAIL_000082,Action Required: Unusual Activity Detected,Your payment method has expired. Update it now: bit.ly/iguos8,Action Required: Unusual Activity Detected Your payment method has expired. Update it now: bit.ly/iguos8,noreply@amaz0n-security.com,amaz0n-security.com,,,,,,1
bundled_local,EMAIL_000080,Your Package Delivery Failed,Your payment method has expired. Update it now: bit.ly/g7pu2z,Your Package Delivery Failed Your payment method has expired. Update it now: bit.ly/g7pu2z,support@paypa1-verify.com,paypa1-verify.com,,,,,,1
bundled_local,EMAIL_000378,Congratulations! You've Won a Prize,Click here immediately to verify your account before it gets suspended: bit.ly/hywasc,Congratulations! You've Won a Prize Click here immediately to verify your account before it gets suspended: bit.ly/hywasc,help@applesupport-verify.net,applesupport-verify.net,,,,,,1
bundled_local,EMAIL_000423,Urgent: Verify Your Account,Your payment method has expired. Update it now: bit.ly/b7pvrl,Urgent: Verify Your Account Your payment method has expired. Update it now: bit.ly/b7pvrl,noreply@amaz0n-security.com,amaz0n-security.com,,,,,,1
bundled_local,EMAIL_000067,Urgent: Verify Your Account,Your payment method has expired. Update it now: bit.ly/9954cf,Urgent: Verify Your Account Your payment method has expired. Update it now: bit.ly/9954cf,support@paypa1-verify.com,paypa1-verify.com,,,,,,1
bundled_local,EMAIL_000097,Congratulations! You've Won a Prize,We noticed unusual activity. Please confirm your password: bit.ly/znmn4v,Congratulations! You've Won a Prize We noticed unusual activity. Please confirm your password: bit.ly/znmn4v,security@google-account.tk,google-account.tk,,,,,,1
bundled_local,EMAIL_000105,Your Package Delivery Failed,Your Microsoft account needs immediate attention: bit.ly/yj3fnm,Your Package Delivery Failed Your Microsoft account needs immediate attention: bit.ly/yj3fnm,verify@micros0ft-account.ru,micros0ft-account.ru,,,,,,1
bundled_local,EMAIL_000149,Action Required: Unusual Activity Detected,Your payment method has expired. Update it now: bit.ly/8acuix,Action Required: Unusual Activity Detected Your payment method has expired. Update it now: bit.ly/8acuix,security@google-account.tk,google-account.tk,,,,,,1
bundled_local,EMAIL_000464,Update Payment Method Required,Click here immediately to verify your account before it gets suspended: bit.ly/0616tx,Update Payment Method Required Click here immediately to verify your account before it gets suspended: bit.ly/0616tx,verify@micros0ft-account.ru,micros0ft-account.ru,,,,,,1
bundled_local,EMAIL_000085,Action Required: Unusual Activity Detected,IRS tax refund ready for pickup. Claim here: bit.ly/1nmvy5,Action Required: Unusual Activity Detected IRS tax refund ready for pickup. Claim here: bit.ly/1nmvy5,admin@bank-security-check.xyz,bank-security-check.xyz,,,,,,1
bundled_local,EMAIL_000488,Bank Security Alert,We noticed unusual activity. Please confirm your password: bit.ly/tpjcyf,Bank Security Alert We noticed unusual activity. Please confirm your password: bit.ly/tpjcyf,noreply@amaz0n-security.com,amaz0n-security.com,,,,,,1
bundled_local,EMAIL_000136,Confirm Your Identity Now,Your Microsoft account needs immediate attention: bit.ly/ukxvng,Confirm Your Identity Now Your Microsoft account needs immediate attention: bit.ly/ukxvng,noreply@amaz0n-security.com,amaz0n-security.com,,,,,,1
bundled_local,EMAIL_000951,New Feature Release Notes,Your subscription has been renewed. Thank you for your continued support.,New Feature Release Notes Your subscription has been renewed. Thank you for your continued support.,noreply@company.com,company.com,,,,,,0
bundled_local,EMAIL_000296,Click Here to Confirm Your Password,Your Microsoft account needs immediate attention: bit.ly/dzol2y,Click Here to Confirm Your Password Your Microsoft account needs immediate attention: bit.ly/dzol2y,support@paypa1-verify.com,paypa1-verify.com,,,,,,1
bundled_local,EMAIL_000440,Your Package Delivery Failed,Click here immediately to verify your account before it gets suspended: bit.ly/8p2zmd,Your Package Delivery Failed Click here immediately to verify your account before it gets suspended: bit.ly/8p2zmd,verify@micros0ft-account.ru,micros0ft-account.ru,,,,,,1
bundled_local,EMAIL_000420,Bank Security Alert,Your payment method has expired. Update it now: bit.ly/gx1rqk,Bank Security Alert Your payment method has expired. Update it now: bit.ly/gx1rqk,security@google-account.tk,google-account.tk,,,,,,1
bundled_local,EMAIL_000156,Refund Pending - Claim Now,Your payment method has expired. Update it now: bit.ly/2prstq,Refund Pending - Claim Now Your payment method has expired. Update it now: bit.ly/2prstq,noreply@amaz0n-security.com,amaz0n-security.com,,,,,,1
bundled_local,EMAIL_000466,Urgent: Verify Your Account,PayPal security alert. Confirm your information: bit.ly/0lqjuf,Urgent: Verify Your Account PayPal security alert. Confirm your information: bit.ly/0lqjuf,support@paypa1-verify.com,paypa1-verify.com,,,,,,1
bundled_local,EMAIL_000204,Action Required: Unusual Activity Detected,PayPal security alert. Confirm your information: bit.ly/lv9eyg,Action Required: Unusual Activity Detected PayPal security alert. Confirm your information: bit.ly/lv9eyg,admin@bank-security-check.xyz,bank-security-check.xyz,,,,,,1
bundled_local,EMAIL_000062,Action Required: Unusual Activity Detected,PayPal security alert. Confirm your information: bit.ly/iyerca,Action Required: Unusual Activity Detected PayPal security alert. Confirm your information: bit.ly/iyerca,support@paypa1-verify.com,paypa1-verify.com,,,,,,1
bundled_local,EMAIL_000445,Congratulations! You've Won a Prize,Your Microsoft account needs immediate attention: bit.ly/a4o8mr,Congratulations! You've Won a Prize Your Microsoft account needs immediate attention: bit.ly/a4o8mr,security@google-account.tk,google-account.tk,,,,,,1
bundled_local,EMAIL_000229,Bank Security Alert,We noticed unusual activity. Please confirm your password: bit.ly/fvnczk,Bank Security Alert We noticed unusual activity. Please confirm your password: bit.ly/fvnczk,security@google-account.tk,google-account.tk,,,,,,1
bundled_local,EMAIL_000257,Refund Pending - Claim Now,Your Netflix subscription needs updating: bit.ly/5fxzoz,Refund Pending - Claim Now Your Netflix subscription needs updating: bit.ly/5fxzoz,security@google-account.tk,google-account.tk,,,,,,1
bundled_local,EMAIL_000096,Urgent: Verify Your Account,Confirm receipt of package: bit.ly/gx1zxu,Urgent: Verify Your Account Confirm receipt of package: bit.ly/gx1zxu,noreply@amaz0n-security.com,amaz0n-security.com,,,,,,1
bundled_local,EMAIL_000189,Refund Pending - Claim Now,Amazon detected unauthorized access. Verify your account: bit.ly/6bgekl,Refund Pending - Claim Now Amazon detected unauthorized access. Verify your account: bit.ly/6bgekl,security@google-account.tk,google-account.tk,,,,,,1
bundled_local,EMAIL_000303,Bank Security Alert,Your Microsoft account needs immediate attention: bit.ly/rr2og1,Bank Security Alert Your Microsoft account needs immediate attention: bit.ly/rr2og1,help@applesupport-verify.net,applesupport-verify.net,,,,,,1
bundled_local,EMAIL_000065,Update Payment Method Required,Confirm receipt of package: bit.ly/r51f5k,Update Payment Method Required Confirm receipt of package: bit.ly/r51f5k,admin@bank-security-check.xyz,bank-security-check.xyz,,,,,,1
bundled_local,EMAIL_000119,Congratulations! You've Won a Prize,We noticed unusual activity. Please confirm your password: bit.ly/wwqqxt,Congratulations! You've Won a Prize We noticed unusual activity. Please confirm your password: bit.ly/wwqqxt,noreply@amaz0n-security.com,amaz0n-security.com,,,,,,1
bundled_local,EMAIL_000129,Update Payment Method Required,Your payment method has expired. Update it now: bit.ly/jcs2g6,Update Payment Method Required Your payment method has expired. Update it now: bit.ly/jcs2g6,verify@micros0ft-account.ru,micros0ft-account.ru,,,,,,1
bundled_local,EMAIL_000240,Your Account Has Been Compromised,PayPal security alert. Confirm your information: bit.ly/516yl7,Your Account Has Been Compromised PayPal security alert. Confirm your information: bit.ly/516yl7,verify@micros0ft-account.ru,micros0ft-account.ru,,,,,,1
bundled_local,EMAIL_000438,Confirm Your Identity Now,Click here immediately to verify your account before it gets suspended: bit.ly/wn69zy,Confirm Your Identity Now Click here immediately to verify your account before it gets suspended: bit.ly/wn69zy,noreply@amaz0n-security.com,amaz0n-security.com,,,,,,1
bundled_local,EMAIL_000172,Your Package Delivery Failed,IRS tax refund ready for pickup. Claim here: bit.ly/vmlg99,Your Package Delivery Failed IRS tax refund ready for pickup. Claim here: bit.ly/vmlg99,help@applesupport-verify.net,applesupport-verify.net,,,,,,1
bundled_local,EMAIL_000336,Refund Pending - Claim Now,Your Microsoft account needs immediate attention: bit.ly/258luq,Refund Pending - Claim Now Your Microsoft account needs immediate attention: bit.ly/258luq,help@applesupport-verify.net,applesupport-verify.net,,,,,,1
bundled_local,EMAIL_000263,Your Account Has Been Compromised,Your Netflix subscription needs updating: bit.ly/l1tf0t,Your Account Has Been Compromised Your Netflix subscription needs updating: bit.ly/l1tf0t,noreply@amaz0n-security.com,amaz0n-security.com,,,,,,1
bundled_local,EMAIL_000003,Confirm Your Identity Now,Your Netflix subscription needs updating: bit.ly/ck99xv,Confirm Your Identity Now Your Netflix subscription needs updating: bit.ly/ck99xv,security@google-account.tk,google-account.tk,,,,,,1
bundled_local,EMAIL_000089,Your Account Has Been Compromised,Your payment method has expired. Update it now: bit.ly/j0d3rg,Your Account Has Been Compromised Your payment method has expired. Update it now: bit.ly/j0d3rg,support@paypa1-verify.com,paypa1-verify.com,,,,,,1
