source_dataset,combined_text,label,sender_domain_length,sender_domain_has_digits,sender_domain_has_hyphen,sender_subdomain_count,from_reply_mismatch,from_return_mismatch,from_message_id_mismatch,lookalike_domain_score,spf_pass,spf_fail,spf_missing,dkim_pass,dkim_fail,dkim_missing,dmarc_pass,dmarc_fail,dmarc_missing,url_count,https_url_count,http_url_count,ip_address_url_count,shortened_url_count,punycode_url_count,suspicious_keyword_count,visible_destination_mismatch_count,maximum_url_length,maximum_subdomain_count,lookalike_url_domain_count,redirect_like_url_count,promotional_term_count,prize_term_count,urgency_term_count,credential_request_count,payment_request_count,external_image_count,tracking_pixel_count,suspicious_button_count,embedded_form_count,password_input_count,iframe_count,script_count,hidden_element_count,advertisement_section_count,external_domain_count
bundled_local,Congratulations! You've Won a Prize Congratulations! You've won $5000. Claim your prize: bit.ly/xalsml,1,23,0,1,0,1,0,0,0.6,0,0,1,0,0,1,0,0,1,0,0,0,0,0,0,0,0,0,0,0,0,0,3,0,0,0,0,0,0,0,0,0,0,0,1,0
bundled_local,Your Package Delivery Failed Click here immediately to verify your account before it gets suspended: bit.ly/ec26oa,1,20,1,1,0,1,0,0,1.0,0,0,1,0,0,1,0,0,1,0,0,0,0,0,0,0,0,0,0,0,0,0,0,2,0,0,0,0,0,0,0,0,0,0,0,0
bundled_local,"Meeting Tomorrow at 2PM Hi, just wanted to follow up on our discussion. Looking forward to the meeting tomorrow.",0,9,0,0,0,1,0,0,0.429,0,0,1,0,0,1,0,0,1,0,0,0,0,0,0,0,0,0,0,0,0,0,0,0,0,0,0,0,0,0,0,0,0,0,0,0
bundled_local,Urgent: Verify Your Account Congratulations! You've won $5000. Claim your prize: bit.ly/8xxl6g,1,23,0,1,0,1,0,0,0.6,0,0,1,0,0,1,0,0,1,0,0,0,0,0,0,0,0,0,0,0,0,0,2,2,0,0,0,0,0,0,0,0,0,0,1,0
bundled_local,Project Update - Q3 Results Thank you for attending our webinar. Here's the recording link.,0,11,0,0,0,1,0,0,0.375,0,0,1,0,0,1,0,0,1,0,0,0,0,0,0,0,0,0,0,0,0,0,0,0,0,0,0,0,0,0,0,0,0,0,0,0
bundled_local,Team Lunch This Friday Your subscription has been renewed. Thank you for your continued support.,0,11,0,0,0,1,0,0,0.4,0,0,1,0,0,1,0,0,1,0,0,0,0,0,0,0,0,0,0,0,0,0,0,0,0,0,0,0,0,0,0,0,0,0,0,0
bundled_local,"Password Changed Successfully Your password has been successfully changed. If this wasn't you, contact support.",0,11,0,0,0,1,0,0,0.375,0,0,1,0,0,1,0,0,1,0,0,0,0,0,0,0,0,0,0,0,0,0,0,0,0,0,0,0,0,0,0,0,0,0,0,0
bundled_local,Welcome to Our Newsletter Your subscription has been renewed. Thank you for your continued support.,0,11,0,0,0,1,0,0,0.375,0,0,1,0,0,1,0,0,1,0,0,0,0,0,0,0,0,0,0,0,0,0,0,0,0,0,0,0,0,0,0,0,0,0,0,0
bundled_local,New Feature Release Notes Attached is the updated project timeline. Please review and provide feedback.,0,9,0,0,0,1,0,0,0.364,0,0,1,0,0,1,0,0,1,0,0,0,0,0,0,0,0,0,0,0,0,0,0,0,0,0,0,0,0,0,0,0,0,0,0,0
bundled_local,Congratulations! You've Won a Prize Click here immediately to verify your account before it gets suspended: bit.ly/cj5exm,1,17,0,1,0,1,0,0,1.0,0,0,1,0,0,1,0,0,1,0,0,0,0,0,0,0,0,0,0,0,0,0,1,2,0,0,0,0,0,0,0,0,0,0,1,0
bundled_local,Click Here to Confirm Your Password We noticed unusual activity. Please confirm your password: bit.ly/dnote4,1,17,1,1,0,1,0,0,1.0,0,0,1,0,0,1,0,0,1,0,0,0,0,0,0,0,0,0,0,0,0,0,0,0,2,0,0,0,0,0,0,0,0,0,0,0
bundled_local,Meeting Tomorrow at 2PM Thank you for attending our webinar. Here's the recording link.,0,9,0,0,0,1,0,0,0.364,0,0,1,0,0,1,0,0,1,0,0,0,0,0,0,0,0,0,0,0,0,0,0,0,0,0,0,0,0,0,0,0,0,0,0,0
bundled_local,Click Here to Confirm Your Password Your Microsoft account needs immediate attention: bit.ly/7p4udm,1,23,0,1,0,1,0,0,0.6,0,0,1,0,0,1,0,0,1,0,0,0,0,0,0,0,0,0,0,0,0,0,0,0,1,0,0,0,0,0,0,0,0,0,0,0
bundled_local,Your Account Has Been Compromised Amazon detected unauthorized access. Verify your account: bit.ly/3gkzop,1,23,0,1,0,1,0,0,0.6,0,0,1,0,0,1,0,0,1,0,0,0,0,0,0,0,0,0,0,0,0,0,0,1,0,0,0,0,0,0,0,0,0,0,0,0
bundled_local,Bank Security Alert We noticed unusual activity. Please confirm your password: bit.ly/urf0p6,1,23,0,1,0,1,0,0,0.6,0,0,1,0,0,1,0,0,1,0,0,0,0,0,0,0,0,0,0,0,0,0,0,0,1,0,0,0,0,0,0,0,0,0,0,0
bundled_local,"Your Reservation Confirmation Your password has been successfully changed. If this wasn't you, contact support.",0,7,0,0,0,1,0,0,0.75,0,0,1,0,0,1,0,0,1,0,0,0,0,0,0,0,0,0,0,0,0,0,0,0,0,0,0,0,0,0,0,0,0,0,0,0
bundled_local,Confirm Your Identity Now Your Netflix subscription needs updating: bit.ly/a2t7xu,1,23,0,1,0,1,0,0,0.6,0,0,1,0,0,1,0,0,1,0,0,0,0,0,0,0,0,0,0,0,0,0,0,1,0,0,0,0,0,0,0,0,0,0,0,0
bundled_local,Click Here to Confirm Your Password Click here immediately to verify your account before it gets suspended: bit.ly/ad3qzy,1,23,0,1,0,1,0,0,0.6,0,0,1,0,0,1,0,0,1,0,0,0,0,0,0,0,0,0,0,0,0,0,0,2,1,0,0,0,0,0,0,0,0,0,0,0
bundled_local,Click Here to Confirm Your Password Congratulations! You've won $5000. Claim your prize: bit.ly/b5b8cz,1,20,1,1,0,1,0,0,1.0,0,0,1,0,0,1,0,0,1,0,0,0,0,0,0,0,0,0,0,0,0,0,2,0,1,0,0,0,0,0,0,0,0,0,1,0
bundled_local,Password Changed Successfully Thank you for attending our webinar. Here's the recording link.,0,7,0,0,0,1,0,0,0.75,0,0,1,0,0,1,0,0,1,0,0,0,0,0,0,0,0,0,0,0,0,0,0,0,0,0,0,0,0,0,0,0,0,0,0,0
bundled_local,Urgent: Verify Your Account Your Microsoft account needs immediate attention: bit.ly/09a2zl,1,19,1,1,0,1,0,0,1.0,0,0,1,0,0,1,0,0,1,0,0,0,0,0,0,0,0,0,0,0,0,0,0,2,0,0,0,0,0,0,0,0,0,0,0,0
bundled_local,Urgent: Verify Your Account Your Microsoft account needs immediate attention: bit.ly/xc8rgh,1,17,1,1,0,1,0,0,1.0,0,0,1,0,0,1,0,0,1,0,0,0,0,0,0,0,0,0,0,0,0,0,0,2,0,0,0,0,0,0,0,0,0,0,0,0
bundled_local,Action Required: Unusual Activity Detected Confirm receipt of package: bit.ly/rkvsgf,1,17,1,1,0,1,0,0,1.0,0,0,1,0,0,1,0,0,1,0,0,0,0,0,0,0,0,0,0,0,0,0,0,1,0,0,0,0,0,0,0,0,0,0,0,0
bundled_local,Your Package Delivery Failed Your Netflix subscription needs updating: bit.ly/nse3di,1,17,1,1,0,1,0,0,1.0,0,0,1,0,0,1,0,0,1,0,0,0,0,0,0,0,0,0,0,0,0,0,0,0,0,0,0,0,0,0,0,0,0,0,0,0
bundled_local,"Meeting Tomorrow at 2PM Your password has been successfully changed. If this wasn't you, contact support.",0,11,0,0,0,1,0,0,0.462,0,0,1,0,0,1,0,0,1,0,0,0,0,0,0,0,0,0,0,0,0,0,0,0,0,0,0,0,0,0,0,0,0,0,0,0
bundled_local,Your Reservation Confirmation The team meeting has been rescheduled to Friday at 3 PM. See you then!,0,7,0,0,0,1,0,0,0.75,0,0,1,0,0,1,0,0,1,0,0,0,0,0,0,0,0,0,0,0,0,0,0,0,0,0,0,0,0,0,0,0,0,0,0,0
bundled_local,Refund Pending - Claim Now IRS tax refund ready for pickup. Claim here: bit.ly/c7fhzy,1,17,0,1,0,1,0,0,1.0,0,0,1,0,0,1,0,0,1,0,0,0,0,0,0,0,0,0,0,0,0,0,1,0,0,0,0,0,0,0,0,0,0,0,1,0
bundled_local,Password Changed Successfully The team meeting has been rescheduled to Friday at 3 PM. See you then!,0,9,0,0,0,1,0,0,0.364,0,0,1,0,0,1,0,0,1,0,0,0,0,0,0,0,0,0,0,0,0,0,0,0,0,0,0,0,0,0,0,0,0,0,0,0
bundled_local,Your Order Confirmation Attached is the updated project timeline. Please review and provide feedback.,0,7,0,0,0,1,0,0,0.75,0,0,1,0,0,1,0,0,1,0,0,0,0,0,0,0,0,0,0,0,0,0,0,0,0,0,0,0,0,0,0,0,0,0,0,0
bundled_local,Your Package Delivery Failed Amazon detected unauthorized access. Verify your account: bit.ly/myueok,1,19,1,1,0,1,0,0,1.0,0,0,1,0,0,1,0,0,1,0,0,0,0,0,0,0,0,0,0,0,0,0,0,1,0,0,0,0,0,0,0,0,0,0,0,0
bundled_local,Confirm Your Identity Now Your Microsoft account needs immediate attention: bit.ly/vlv69i,1,23,0,1,0,1,0,0,0.6,0,0,1,0,0,1,0,0,1,0,0,0,0,0,0,0,0,0,0,0,0,0,0,1,0,0,0,0,0,0,0,0,0,0,0,0
bundled_local,Meeting Tomorrow at 2PM The team meeting has been rescheduled to Friday at 3 PM. See you then!,0,9,0,0,0,1,0,0,0.429,0,0,1,0,0,1,0,0,1,0,0,0,0,0,0,0,0,0,0,0,0,0,0,0,0,0,0,0,0,0,0,0,0,0,0,0
bundled_local,Urgent: Verify Your Account Click here immediately to verify your account before it gets suspended: bit.ly/l0mwps,1,19,1,1,0,1,0,0,1.0,0,0,1,0,0,1,0,0,1,0,0,0,0,0,0,0,0,0,0,0,0,0,0,4,0,0,0,0,0,0,0,0,0,0,0,0
bundled_local,Update Payment Method Required Congratulations! You've won $5000. Claim your prize: bit.ly/8qqk8i,1,17,1,1,0,1,0,0,1.0,0,0,1,0,0,1,0,0,1,0,0,0,0,0,0,0,0,0,0,0,0,0,2,0,0,0,0,0,0,0,0,0,0,0,1,0
bundled_local,Refund Pending - Claim Now PayPal security alert. Confirm your information: bit.ly/5l7p3l,1,19,1,1,0,1,0,0,1.0,0,0,1,0,0,1,0,0,1,0,0,0,0,0,0,0,0,0,0,0,0,0,1,0,0,0,0,0,0,0,0,0,0,0,1,0
bundled_local,Confirm Your Identity Now Click here immediately to verify your account before it gets suspended: bit.ly/7lpr9r,1,23,0,1,0,1,0,0,0.6,0,0,1,0,0,1,0,0,1,0,0,0,0,0,0,0,0,0,0,0,0,0,0,3,0,0,0,0,0,0,0,0,0,0,0,0
bundled_local,Password Changed Successfully We've improved our security. No action needed from you.,0,11,0,0,0,1,0,0,0.4,0,0,1,0,0,1,0,0,1,0,0,0,0,0,0,0,0,0,0,0,0,0,0,0,0,0,0,0,0,0,0,0,0,0,0,0
bundled_local,Your Account Has Been Compromised Confirm receipt of package: bit.ly/du522k,1,19,1,1,0,1,0,0,1.0,0,0,1,0,0,1,0,0,1,0,0,0,0,0,0,0,0,0,0,0,0,0,0,0,0,0,0,0,0,0,0,0,0,0,0,0
bundled_local,Meeting Tomorrow at 2PM We've improved our security. No action needed from you.,0,11,0,0,0,1,0,0,0.4,0,0,1,0,0,1,0,0,1,0,0,0,0,0,0,0,0,0,0,0,0,0,0,0,0,0,0,0,0,0,0,0,0,0,0,0
bundled_local,Action Required: Unusual Activity Detected Confirm receipt of package: bit.ly/azgwf0,1,17,1,1,0,1,0,0,1.0,0,0,1,0,0,1,0,0,1,0,0,0,0,0,0,0,0,0,0,0,0,0,0,1,0,0,0,0,0,0,0,0,0,0,0,0
bundled_local,Monthly Report Attached Thank you for your order! Your item will be shipped within 2 business days.,0,9,0,0,0,1,0,0,0.364,0,0,1,0,0,1,0,0,1,0,0,0,0,0,0,0,0,0,0,0,0,0,0,0,0,0,0,0,0,0,0,0,0,0,0,0
bundled_local,Your Order Confirmation The team meeting has been rescheduled to Friday at 3 PM. See you then!,0,11,0,0,0,1,0,0,0.462,0,0,1,0,0,1,0,0,1,0,0,0,0,0,0,0,0,0,0,0,0,0,0,0,0,0,0,0,0,0,0,0,0,0,0,0
bundled_local,Welcome to Our Newsletter The team meeting has been rescheduled to Friday at 3 PM. See you then!,0,11,0,0,0,1,0,0,0.375,0,0,1,0,0,1,0,0,1,0,0,0,0,0,0,0,0,0,0,0,0,0,0,0,0,0,0,0,0,0,0,0,0,0,0,0
bundled_local,Action Required: Unusual Activity Detected IRS tax refund ready for pickup. Claim here: bit.ly/28ckzj,1,17,1,1,0,1,0,0,1.0,0,0,1,0,0,1,0,0,1,0,0,0,0,0,0,0,0,0,0,0,0,0,0,1,0,0,0,0,0,0,0,0,0,0,0,0
bundled_local,Confirm Your Identity Now Your Netflix subscription needs updating: bit.ly/6xptoo,1,23,0,1,0,1,0,0,0.6,0,0,1,0,0,1,0,0,1,0,0,0,0,0,0,0,0,0,0,0,0,0,0,1,0,0,0,0,0,0,0,0,0,0,0,0
bundled_local,Password Changed Successfully Welcome to our subscriber community. You'll receive weekly updates on new features.,0,11,0,0,0,1,0,0,0.4,0,0,1,0,0,1,0,0,1,0,0,0,0,0,0,0,0,0,0,0,0,0,0,0,0,0,0,0,0,0,0,0,0,0,0,0
bundled_local,Welcome to Our Newsletter Welcome to our subscriber community. You'll receive weekly updates on new features.,0,9,0,0,0,1,0,0,0.364,0,0,1,0,0,1,0,0,1,0,0,0,0,0,0,0,0,0,0,0,0,0,0,0,0,0,0,0,0,0,0,0,0,0,0,0
bundled_local,Click Here to Confirm Your Password We noticed unusual activity. Please confirm your password: bit.ly/zufy01,1,19,1,1,0,1,0,0,1.0,0,0,1,0,0,1,0,0,1,0,0,0,0,0,0,0,0,0,0,0,0,0,0,0,2,0,0,0,0,0,0,0,0,0,0,0
bundled_local,Congratulations! You've Won a Prize We noticed unusual activity. Please confirm your password: bit.ly/vhi0ni,1,17,0,1,0,1,0,0,1.0,0,0,1,0,0,1,0,0,1,0,0,0,0,0,0,0,0,0,0,0,0,0,1,0,1,0,0,0,0,0,0,0,0,0,1,0
bundled_local,Team Lunch This Friday Welcome to our subscriber community. You'll receive weekly updates on new features.,0,11,0,0,0,1,0,0,0.375,0,0,1,0,0,1,0,0,1,0,0,0,0,0,0,0,0,0,0,0,0,0,0,0,0,0,0,0,0,0,0,0,0,0,0,0
bundled_local,Monthly Report Attached Your subscription has been renewed. Thank you for your continued support.,0,11,0,0,0,1,0,0,0.4,0,0,1,0,0,1,0,0,1,0,0,0,0,0,0,0,0,0,0,0,0,0,0,0,0,0,0,0,0,0,0,0,0,0,0,0
bundled_local,Update Payment Method Required PayPal security alert. Confirm your information: bit.ly/iq4vc8,1,19,1,1,0,1,0,0,1.0,0,0,1,0,0,1,0,0,1,0,0,0,0,0,0,0,0,0,0,0,0,0,0,0,0,0,0,0,0,0,0,0,0,0,0,0
bundled_local,Monthly Report Attached Welcome to our subscriber community. You'll receive weekly updates on new features.,0,7,0,0,0,1,0,0,0.75,0,0,1,0,0,1,0,0,1,0,0,0,0,0,0,0,0,0,0,0,0,0,0,0,0,0,0,0,0,0,0,0,0,0,0,0
bundled_local,Click Here to Confirm Your Password Click here immediately to verify your account before it gets suspended: bit.ly/lxdpdf,1,17,0,1,0,1,0,0,1.0,0,0,1,0,0,1,0,0,1,0,0,0,0,0,0,0,0,0,0,0,0,0,0,2,1,0,0,0,0,0,0,0,0,0,0,0
bundled_local,Your Package Delivery Failed Click here immediately to verify your account before it gets suspended: bit.ly/hdkrb4,1,23,0,1,0,1,0,0,0.6,0,0,1,0,0,1,0,0,1,0,0,0,0,0,0,0,0,0,0,0,0,0,0,2,0,0,0,0,0,0,0,0,0,0,0,0
bundled_local,Your Package Delivery Failed Confirm receipt of package: bit.ly/77ubfr,1,20,1,1,0,1,0,0,1.0,0,0,1,0,0,1,0,0,1,0,0,0,0,0,0,0,0,0,0,0,0,0,0,0,0,0,0,0,0,0,0,0,0,0,0,0
bundled_local,Action Required: Unusual Activity Detected Confirm receipt of package: bit.ly/q1ycxf,1,19,1,1,0,1,0,0,1.0,0,0,1,0,0,1,0,0,1,0,0,0,0,0,0,0,0,0,0,0,0,0,0,1,0,0,0,0,0,0,0,0,0,0,0,0
bundled_local,Meeting Tomorrow at 2PM Welcome to our subscriber community. You'll receive weekly updates on new features.,0,7,0,0,0,1,0,0,0.75,0,0,1,0,0,1,0,0,1,0,0,0,0,0,0,0,0,0,0,0,0,0,0,0,0,0,0,0,0,0,0,0,0,0,0,0
bundled_local,Confirm Your Identity Now Confirm receipt of package: bit.ly/dmlpd6,1,23,0,1,0,1,0,0,0.6,0,0,1,0,0,1,0,0,1,0,0,0,0,0,0,0,0,0,0,0,0,0,0,1,0,0,0,0,0,0,0,0,0,0,0,0
bundled_local,Your Package Delivery Failed Amazon detected unauthorized access. Verify your account: bit.ly/in88oz,1,19,1,1,0,1,0,0,1.0,0,0,1,0,0,1,0,0,1,0,0,0,0,0,0,0,0,0,0,0,0,0,0,1,0,0,0,0,0,0,0,0,0,0,0,0
bundled_local,Meeting Tomorrow at 2PM Your subscription has been renewed. Thank you for your continued support.,0,11,0,0,0,1,0,0,0.462,0,0,1,0,0,1,0,0,1,0,0,0,0,0,0,0,0,0,0,0,0,0,0,0,0,0,0,0,0,0,0,0,0,0,0,0
bundled_local,Urgent: Verify Your Account Your payment method has expired. Update it now: bit.ly/z0vov2,1,23,0,1,0,1,0,0,0.6,0,0,1,0,0,1,0,0,1,0,0,0,0,0,0,0,0,0,0,0,0,0,0,2,0,0,0,0,0,0,0,0,0,0,0,0
bundled_local,Urgent: Verify Your Account Amazon detected unauthorized access. Verify your account: bit.ly/5d3ini,1,23,0,1,0,1,0,0,0.6,0,0,1,0,0,1,0,0,1,0,0,0,0,0,0,0,0,0,0,0,0,0,0,3,0,0,0,0,0,0,0,0,0,0,0,0
bundled_local,Your Package Delivery Failed IRS tax refund ready for pickup. Claim here: bit.ly/57cbsx,1,17,0,1,0,1,0,0,1.0,0,0,1,0,0,1,0,0,1,0,0,0,0,0,0,0,0,0,0,0,0,0,0,0,0,0,0,0,0,0,0,0,0,0,0,0
bundled_local,Your Package Delivery Failed We noticed unusual activity. Please confirm your password: bit.ly/wz4l0f,1,17,1,1,0,1,0,0,1.0,0,0,1,0,0,1,0,0,1,0,0,0,0,0,0,0,0,0,0,0,0,0,0,0,1,0,0,0,0,0,0,0,0,0,0,0
bundled_local,Your Package Delivery Failed Confirm receipt of package: bit.ly/i3ajis,1,20,1,1,0,1,0,0,1.0,0,0,1,0,0,1,0,0,1,0,0,0,0,0,0,0,0,0,0,0,0,0,0,0,0,0,0,0,0,0,0,0,0,0,0,0
bundled_local,Welcome to Our Newsletter Thank you for your order! Your item will be shipped within 2 business days.,0,7,0,0,0,1,0,0,0.75,0,0,1,0,0,1,0,0,1,0,0,0,0,0,0,0,0,0,0,0,0,0,0,0,0,0,0,0,0,0,0,0,0,0,0,0
bundled_local,"Your Reservation Confirmation Hi, just wanted to follow up on our discussion. Looking forward to the meeting tomorrow.",0,11,0,0,0,1,0,0,0.462,0,0,1,0,0,1,0,0,1,0,0,0,0,0,0,0,0,0,0,0,0,0,0,0,0,0,0,0,0,0,0,0,0,0,0,0
bundled_local,Your Reservation Confirmation Thank you for your order! Your item will be shipped within 2 business days.,0,9,0,0,0,1,0,0,0.429,0,0,1,0,0,1,0,0,1,0,0,0,0,0,0,0,0,0,0,0,0,0,0,0,0,0,0,0,0,0,0,0,0,0,0,0
bundled_local,"Your Order Confirmation Your password has been successfully changed. If this wasn't you, contact support.",0,11,0,0,0,1,0,0,0.4,0,0,1,0,0,1,0,0,1,0,0,0,0,0,0,0,0,0,0,0,0,0,0,0,0,0,0,0,0,0,0,0,0,0,0,0
bundled_local,Your Package Delivery Failed Amazon detected unauthorized access. Verify your account: bit.ly/99qko9,1,17,1,1,0,1,0,0,1.0,0,0,1,0,0,1,0,0,1,0,0,0,0,0,0,0,0,0,0,0,0,0,0,1,0,0,0,0,0,0,0,0,0,0,0,0
bundled_local,Confirm Your Identity Now Your Netflix subscription needs updating: bit.ly/50gj0d,1,17,1,1,0,1,0,0,1.0,0,0,1,0,0,1,0,0,1,0,0,0,0,0,0,0,0,0,0,0,0,0,0,1,0,0,0,0,0,0,0,0,0,0,0,0
bundled_local,Your Account Has Been Compromised Click here immediately to verify your account before it gets suspended: bit.ly/zc6sxl,1,20,1,1,0,1,0,0,1.0,0,0,1,0,0,1,0,0,1,0,0,0,0,0,0,0,0,0,0,0,0,0,0,2,0,0,0,0,0,0,0,0,0,0,0,0
bundled_local,Action Required: Unusual Activity Detected Amazon detected unauthorized access. Verify your account: bit.ly/yrpqqp,1,19,1,1,0,1,0,0,1.0,0,0,1,0,0,1,0,0,1,0,0,0,0,0,0,0,0,0,0,0,0,0,0,2,0,0,0,0,0,0,0,0,0,0,0,0
bundled_local,Click Here to Confirm Your Password Click here immediately to verify your account before it gets suspended: bit.ly/k31n6n,1,17,1,1,0,1,0,0,1.0,0,0,1,0,0,1,0,0,1,0,0,0,0,0,0,0,0,0,0,0,0,0,0,2,1,0,0,0,0,0,0,0,0,0,0,0
bundled_local,Update Payment Method Required Your payment method has expired. Update it now: bit.ly/73w24h,1,19,1,1,0,1,0,0,1.0,0,0,1,0,0,1,0,0,1,0,0,0,0,0,0,0,0,0,0,0,0,0,0,0,0,0,0,0,0,0,0,0,0,0,0,0
bundled_local,Your Account Has Been Compromised We noticed unusual activity. Please confirm your password: bit.ly/h7r3vt,1,17,1,1,0,1,0,0,1.0,0,0,1,0,0,1,0,0,1,0,0,0,0,0,0,0,0,0,0,0,0,0,0,0,1,0,0,0,0,0,0,0,0,0,0,0
bundled_local,Refund Pending - Claim Now We noticed unusual activity. Please confirm your password: bit.ly/20f90a,1,19,1,1,0,1,0,0,1.0,0,0,1,0,0,1,0,0,1,0,0,0,0,0,0,0,0,0,0,0,0,0,1,0,1,0,0,0,0,0,0,0,0,0,1,0
bundled_local,Bank Security Alert PayPal security alert. Confirm your information: bit.ly/2e3hkr,1,20,1,1,0,1,0,0,1.0,0,0,1,0,0,1,0,0,1,0,0,0,0,0,0,0,0,0,0,0,0,0,0,0,0,0,0,0,0,0,0,0,0,0,0,0
bundled_local,Your Package Delivery Failed Your Netflix subscription needs updating: bit.ly/blvix9,1,17,0,1,0,1,0,0,1.0,0,0,1,0,0,1,0,0,1,0,0,0,0,0,0,0,0,0,0,0,0,0,0,0,0,0,0,0,0,0,0,0,0,0,0,0
bundled_local,Click Here to Confirm Your Password PayPal security alert. Confirm your information: bit.ly/9604np,1,19,1,1,0,1,0,0,1.0,0,0,1,0,0,1,0,0,1,0,0,0,0,0,0,0,0,0,0,0,0,0,0,0,1,0,0,0,0,0,0,0,0,0,0,0
bundled_local,Meeting Tomorrow at 2PM Here's the monthly report with our latest metrics and performance analysis.,0,13,0,0,0,1,0,0,0.429,0,0,1,0,0,1,0,0,1,0,0,0,0,0,0,0,0,0,0,0,0,0,0,0,0,0,0,0,0,0,0,0,0,0,0,0
bundled_local,Congratulations! You've Won a Prize We noticed unusual activity. Please confirm your password: bit.ly/z75lj0,1,17,0,1,0,1,0,0,1.0,0,0,1,0,0,1,0,0,1,0,0,0,0,0,0,0,0,0,0,0,0,0,1,0,1,0,0,0,0,0,0,0,0,0,1,0
bundled_local,Your Order Confirmation Welcome to our subscriber community. You'll receive weekly updates on new features.,0,7,0,0,0,1,0,0,0.75,0,0,1,0,0,1,0,0,1,0,0,0,0,0,0,0,0,0,0,0,0,0,0,0,0,0,0,0,0,0,0,0,0,0,0,0
bundled_local,Congratulations! You've Won a Prize Congratulations! You've won $5000. Claim your prize: bit.ly/dkypud,1,19,1,1,0,1,0,0,1.0,0,0,1,0,0,1,0,0,1,0,0,0,0,0,0,0,0,0,0,0,0,0,3,0,0,0,0,0,0,0,0,0,0,0,1,0
bundled_local,Congratulations! You've Won a Prize Confirm receipt of package: bit.ly/pv5wh0,1,17,1,1,0,1,0,0,1.0,0,0,1,0,0,1,0,0,1,0,0,0,0,0,0,0,0,0,0,0,0,0,1,0,0,0,0,0,0,0,0,0,0,0,1,0
bundled_local,Password Changed Successfully Here's the monthly report with our latest metrics and performance analysis.,0,13,0,0,0,1,0,0,0.429,0,0,1,0,0,1,0,0,1,0,0,0,0,0,0,0,0,0,0,0,0,0,0,0,0,0,0,0,0,0,0,0,0,0,0,0
bundled_local,Your Account Has Been Compromised PayPal security alert. Confirm your information: bit.ly/bcz8lh,1,23,0,1,0,1,0,0,0.6,0,0,1,0,0,1,0,0,1,0,0,0,0,0,0,0,0,0,0,0,0,0,0,0,0,0,0,0,0,0,0,0,0,0,0,0
bundled_local,Bank Security Alert Your Microsoft account needs immediate attention: bit.ly/b1n1fz,1,23,0,1,0,1,0,0,0.6,0,0,1,0,0,1,0,0,1,0,0,0,0,0,0,0,0,0,0,0,0,0,0,0,0,0,0,0,0,0,0,0,0,0,0,0
bundled_local,Your Account Has Been Compromised Your Netflix subscription needs updating: bit.ly/1yntfl,1,17,0,1,0,1,0,0,1.0,0,0,1,0,0,1,0,0,1,0,0,0,0,0,0,0,0,0,0,0,0,0,0,0,0,0,0,0,0,0,0,0,0,0,0,0
bundled_local,Refund Pending - Claim Now PayPal security alert. Confirm your information: bit.ly/rjk8hq,1,20,1,1,0,1,0,0,1.0,0,0,1,0,0,1,0,0,1,0,0,0,0,0,0,0,0,0,0,0,0,0,1,0,0,0,0,0,0,0,0,0,0,0,1,0
bundled_local,Annual Leave Request Approved Here's the monthly report with our latest metrics and performance analysis.,0,11,0,0,0,1,0,0,0.375,0,0,1,0,0,1,0,0,1,0,0,0,0,0,0,0,0,0,0,0,0,0,0,0,0,0,0,0,0,0,0,0,0,0,0,0
bundled_local,Confirm Your Identity Now Congratulations! You've won $5000. Claim your prize: bit.ly/7ko5wr,1,19,1,1,0,1,0,0,1.0,0,0,1,0,0,1,0,0,1,0,0,0,0,0,0,0,0,0,0,0,0,0,2,1,0,0,0,0,0,0,0,0,0,0,1,0
bundled_local,New Feature Release Notes Thank you for attending our webinar. Here's the recording link.,0,13,0,0,0,1,0,0,0.429,0,0,1,0,0,1,0,0,1,0,0,0,0,0,0,0,0,0,0,0,0,0,0,0,0,0,0,0,0,0,0,0,0,0,0,0
bundled_local,Your Package Delivery Failed We noticed unusual activity. Please confirm your password: bit.ly/991rn3,1,23,0,1,0,1,0,0,0.6,0,0,1,0,0,1,0,0,1,0,0,0,0,0,0,0,0,0,0,0,0,0,0,0,1,0,0,0,0,0,0,0,0,0,0,0
bundled_local,Welcome to Our Newsletter Attached is the updated project timeline. Please review and provide feedback.,0,7,0,0,0,1,0,0,0.75,0,0,1,0,0,1,0,0,1,0,0,0,0,0,0,0,0,0,0,0,0,0,0,0,0,0,0,0,0,0,0,0,0,0,0,0
bundled_local,Your Package Delivery Failed Amazon detected unauthorized access. Verify your account: bit.ly/d8r6c1,1,20,1,1,0,1,0,0,1.0,0,0,1,0,0,1,0,0,1,0,0,0,0,0,0,0,0,0,0,0,0,0,0,1,0,0,0,0,0,0,0,0,0,0,0,0
bundled_local,Your Order Confirmation We've improved our security. No action needed from you.,0,11,0,0,0,1,0,0,0.4,0,0,1,0,0,1,0,0,1,0,0,0,0,0,0,0,0,0,0,0,0,0,0,0,0,0,0,0,0,0,0,0,0,0,0,0
bundled_local,Welcome to Our Newsletter Here's the monthly report with our latest metrics and performance analysis.,0,11,0,0,0,1,0,0,0.375,0,0,1,0,0,1,0,0,1,0,0,0,0,0,0,0,0,0,0,0,0,0,0,0,0,0,0,0,0,0,0,0,0,0,0,0
bundled_local,Action Required: Unusual Activity Detected Your payment method has expired. Update it now: bit.ly/08wb1o,1,19,1,1,0,1,0,0,1.0,0,0,1,0,0,1,0,0,1,0,0,0,0,0,0,0,0,0,0,0,0,0,0,1,0,0,0,0,0,0,0,0,0,0,0,0
bundled_local,Click Here to Confirm Your Password Your payment method has expired. Update it now: bit.ly/76l68u,1,17,1,1,0,1,0,0,1.0,0,0,1,0,0,1,0,0,1,0,0,0,0,0,0,0,0,0,0,0,0,0,0,0,1,0,0,0,0,0,0,0,0,0,0,0
bundled_local,Project Update - Q3 Results Attached is the updated project timeline. Please review and provide feedback.,0,9,0,0,0,1,0,0,0.429,0,0,1,0,0,1,0,0,1,0,0,0,0,0,0,0,0,0,0,0,0,0,0,0,0,0,0,0,0,0,0,0,0,0,0,0
bundled_local,Your Package Delivery Failed Your payment method has expired. Update it now: bit.ly/iynwjj,1,17,0,1,0,1,0,0,1.0,0,0,1,0,0,1,0,0,1,0,0,0,0,0,0,0,0,0,0,0,0,0,0,0,0,0,0,0,0,0,0,0,0,0,0,0
bundled_local,Update Payment Method Required Your Microsoft account needs immediate attention: bit.ly/b41oj9,1,17,0,1,0,1,0,0,1.0,0,0,1,0,0,1,0,0,1,0,0,0,0,0,0,0,0,0,0,0,0,0,0,0,0,0,0,0,0,0,0,0,0,0,0,0
bundled_local,Bank Security Alert Click here immediately to verify your account before it gets suspended: bit.ly/i6slbz,1,17,1,1,0,1,0,0,1.0,0,0,1,0,0,1,0,0,1,0,0,0,0,0,0,0,0,0,0,0,0,0,0,2,0,0,0,0,0,0,0,0,0,0,0,0
bundled_local,Update Payment Method Required Your payment method has expired. Update it now: bit.ly/3fc05l,1,19,1,1,0,1,0,0,1.0,0,0,1,0,0,1,0,0,1,0,0,0,0,0,0,0,0,0,0,0,0,0,0,0,0,0,0,0,0,0,0,0,0,0,0,0
bundled_local,Your Account Has Been Compromised We noticed unusual activity. Please confirm your password: bit.ly/yl06z1,1,23,0,1,0,1,0,0,0.6,0,0,1,0,0,1,0,0,1,0,0,0,0,0,0,0,0,0,0,0,0,0,0,0,1,0,0,0,0,0,0,0,0,0,0,0
bundled_local,Your Account Has Been Compromised Confirm receipt of package: bit.ly/bzncur,1,17,1,1,0,1,0,0,1.0,0,0,1,0,0,1,0,0,1,0,0,0,0,0,0,0,0,0,0,0,0,0,0,0,0,0,0,0,0,0,0,0,0,0,0,0
bundled_local,Your Reservation Confirmation Attached is the updated project timeline. Please review and provide feedback.,0,11,0,0,0,1,0,0,0.4,0,0,1,0,0,1,0,0,1,0,0,0,0,0,0,0,0,0,0,0,0,0,0,0,0,0,0,0,0,0,0,0,0,0,0,0
bundled_local,Congratulations! You've Won a Prize Your Microsoft account needs immediate attention: bit.ly/jy6z1u,1,23,0,1,0,1,0,0,0.6,0,0,1,0,0,1,0,0,1,0,0,0,0,0,0,0,0,0,0,0,0,0,1,0,0,0,0,0,0,0,0,0,0,0,1,0
bundled_local,Action Required: Unusual Activity Detected We noticed unusual activity. Please confirm your password: bit.ly/ewnh4b,1,20,1,1,0,1,0,0,1.0,0,0,1,0,0,1,0,0,1,0,0,0,0,0,0,0,0,0,0,0,0,0,0,1,1,0,0,0,0,0,0,0,0,0,0,0
bundled_local,Your Account Has Been Compromised Amazon detected unauthorized access. Verify your account: bit.ly/d2zwo7,1,17,1,1,0,1,0,0,1.0,0,0,1,0,0,1,0,0,1,0,0,0,0,0,0,0,0,0,0,0,0,0,0,1,0,0,0,0,0,0,0,0,0,0,0,0
bundled_local,Bank Security Alert Click here immediately to verify your account before it gets suspended: bit.ly/oaj6b4,1,17,1,1,0,1,0,0,1.0,0,0,1,0,0,1,0,0,1,0,0,0,0,0,0,0,0,0,0,0,0,0,0,2,0,0,0,0,0,0,0,0,0,0,0,0
bundled_local,Project Update - Q3 Results Welcome to our subscriber community. You'll receive weekly updates on new features.,0,11,0,0,0,1,0,0,0.4,0,0,1,0,0,1,0,0,1,0,0,0,0,0,0,0,0,0,0,0,0,0,0,0,0,0,0,0,0,0,0,0,0,0,0,0
bundled_local,Your Reservation Confirmation Here's the monthly report with our latest metrics and performance analysis.,0,9,0,0,0,1,0,0,0.364,0,0,1,0,0,1,0,0,1,0,0,0,0,0,0,0,0,0,0,0,0,0,0,0,0,0,0,0,0,0,0,0,0,0,0,0
bundled_local,Your Package Delivery Failed We noticed unusual activity. Please confirm your password: bit.ly/d3q003,1,17,1,1,0,1,0,0,1.0,0,0,1,0,0,1,0,0,1,0,0,0,0,0,0,0,0,0,0,0,0,0,0,0,1,0,0,0,0,0,0,0,0,0,0,0
bundled_local,Refund Pending - Claim Now IRS tax refund ready for pickup. Claim here: bit.ly/obrgbf,1,23,0,1,0,1,0,0,0.6,0,0,1,0,0,1,0,0,1,0,0,0,0,0,0,0,0,0,0,0,0,0,1,0,0,0,0,0,0,0,0,0,0,0,1,0
bundled_local,Password Changed Successfully Thank you for your order! Your item will be shipped within 2 business days.,0,11,0,0,0,1,0,0,0.375,0,0,1,0,0,1,0,0,1,0,0,0,0,0,0,0,0,0,0,0,0,0,0,0,0,0,0,0,0,0,0,0,0,0,0,0
bundled_local,Update Payment Method Required PayPal security alert. Confirm your information: bit.ly/xe5jqu,1,23,0,1,0,1,0,0,0.6,0,0,1,0,0,1,0,0,1,0,0,0,0,0,0,0,0,0,0,0,0,0,0,0,0,0,0,0,0,0,0,0,0,0,0,0
bundled_local,Update Payment Method Required PayPal security alert. Confirm your information: bit.ly/167u73,1,20,1,1,0,1,0,0,1.0,0,0,1,0,0,1,0,0,1,0,0,0,0,0,0,0,0,0,0,0,0,0,0,0,0,0,0,0,0,0,0,0,0,0,0,0
bundled_local,Your Package Delivery Failed Amazon detected unauthorized access. Verify your account: bit.ly/mdinxz,1,23,0,1,0,1,0,0,0.6,0,0,1,0,0,1,0,0,1,0,0,0,0,0,0,0,0,0,0,0,0,0,0,1,0,0,0,0,0,0,0,0,0,0,0,0
bundled_local,Bank Security Alert PayPal security alert. Confirm your information: bit.ly/zx6bwk,1,23,0,1,0,1,0,0,0.6,0,0,1,0,0,1,0,0,1,0,0,0,0,0,0,0,0,0,0,0,0,0,0,0,0,0,0,0,0,0,0,0,0,0,0,0
bundled_local,Congratulations! You've Won a Prize Confirm receipt of package: bit.ly/pi3lua,1,17,1,1,0,1,0,0,1.0,0,0,1,0,0,1,0,0,1,0,0,0,0,0,0,0,0,0,0,0,0,0,1,0,0,0,0,0,0,0,0,0,0,0,1,0
bundled_local,Your Order Confirmation Your subscription has been renewed. Thank you for your continued support.,0,9,0,0,0,1,0,0,0.364,0,0,1,0,0,1,0,0,1,0,0,0,0,0,0,0,0,0,0,0,0,0,0,0,0,0,0,0,0,0,0,0,0,0,0,0
bundled_local,Confirm Your Identity Now IRS tax refund ready for pickup. Claim here: bit.ly/nx07i9,1,23,0,1,0,1,0,0,0.6,0,0,1,0,0,1,0,0,1,0,0,0,0,0,0,0,0,0,0,0,0,0,0,1,0,0,0,0,0,0,0,0,0,0,0,0
bundled_local,Confirm Your Identity Now Your Microsoft account needs immediate attention: bit.ly/8olgei,1,17,0,1,0,1,0,0,1.0,0,0,1,0,0,1,0,0,1,0,0,0,0,0,0,0,0,0,0,0,0,0,0,1,0,0,0,0,0,0,0,0,0,0,0,0
bundled_local,Bank Security Alert Congratulations! You've won $5000. Claim your prize: bit.ly/n78y46,1,17,1,1,0,1,0,0,1.0,0,0,1,0,0,1,0,0,1,0,0,0,0,0,0,0,0,0,0,0,0,0,2,0,0,0,0,0,0,0,0,0,0,0,1,0
bundled_local,Bank Security Alert Click here immediately to verify your account before it gets suspended: bit.ly/nbwxpb,1,19,1,1,0,1,0,0,1.0,0,0,1,0,0,1,0,0,1,0,0,0,0,0,0,0,0,0,0,0,0,0,0,2,0,0,0,0,0,0,0,0,0,0,0,0
bundled_local,Congratulations! You've Won a Prize Your Netflix subscription needs updating: bit.ly/klyw9q,1,17,1,1,0,1,0,0,1.0,0,0,1,0,0,1,0,0,1,0,0,0,0,0,0,0,0,0,0,0,0,0,1,0,0,0,0,0,0,0,0,0,0,0,1,0
bundled_local,Congratulations! You've Won a Prize Your Netflix subscription needs updating: bit.ly/13fjij,1,23,0,1,0,1,0,0,0.6,0,0,1,0,0,1,0,0,1,0,0,0,0,0,0,0,0,0,0,0,0,0,1,0,0,0,0,0,0,0,0,0,0,0,1,0
bundled_local,Click Here to Confirm Your Password Your Microsoft account needs immediate attention: bit.ly/lw3plz,1,17,1,1,0,1,0,0,1.0,0,0,1,0,0,1,0,0,1,0,0,0,0,0,0,0,0,0,0,0,0,0,0,0,1,0,0,0,0,0,0,0,0,0,0,0
bundled_local,Bank Security Alert PayPal security alert. Confirm your information: bit.ly/4ybt0x,1,17,0,1,0,1,0,0,1.0,0,0,1,0,0,1,0,0,1,0,0,0,0,0,0,0,0,0,0,0,0,0,0,0,0,0,0,0,0,0,0,0,0,0,0,0
bundled_local,Team Lunch This Friday The team meeting has been rescheduled to Friday at 3 PM. See you then!,0,9,0,0,0,1,0,0,0.364,0,0,1,0,0,1,0,0,1,0,0,0,0,0,0,0,0,0,0,0,0,0,0,0,0,0,0,0,0,0,0,0,0,0,0,0
bundled_local,Project Update - Q3 Results We've improved our security. No action needed from you.,0,11,0,0,0,1,0,0,0.375,0,0,1,0,0,1,0,0,1,0,0,0,0,0,0,0,0,0,0,0,0,0,0,0,0,0,0,0,0,0,0,0,0,0,0,0
bundled_local,"Team Lunch This Friday Your password has been successfully changed. If this wasn't you, contact support.",0,7,0,0,0,1,0,0,0.75,0,0,1,0,0,1,0,0,1,0,0,0,0,0,0,0,0,0,0,0,0,0,0,0,0,0,0,0,0,0,0,0,0,0,0,0
bundled_local,Urgent: Verify Your Account Confirm receipt of package: bit.ly/42slxq,1,19,1,1,0,1,0,0,1.0,0,0,1,0,0,1,0,0,1,0,0,0,0,0,0,0,0,0,0,0,0,0,0,2,0,0,0,0,0,0,0,0,0,0,0,0
bundled_local,New Feature Release Notes Here's the monthly report with our latest metrics and performance analysis.,0,11,0,0,0,1,0,0,0.375,0,0,1,0,0,1,0,0,1,0,0,0,0,0,0,0,0,0,0,0,0,0,0,0,0,0,0,0,0,0,0,0,0,0,0,0
bundled_local,New Feature Release Notes Thank you for your order! Your item will be shipped within 2 business days.,0,11,0,0,0,1,0,0,0.375,0,0,1,0,0,1,0,0,1,0,0,0,0,0,0,0,0,0,0,0,0,0,0,0,0,0,0,0,0,0,0,0,0,0,0,0
bundled_local,Team Lunch This Friday Attached is the updated project timeline. Please review and provide feedback.,0,11,0,0,0,1,0,0,0.4,0,0,1,0,0,1,0,0,1,0,0,0,0,0,0,0,0,0,0,0,0,0,0,0,0,0,0,0,0,0,0,0,0,0,0,0
bundled_local,Congratulations! You've Won a Prize Amazon detected unauthorized access. Verify your account: bit.ly/bxkz80,1,17,1,1,0,1,0,0,1.0,0,0,1,0,0,1,0,0,1,0,0,0,0,0,0,0,0,0,0,0,0,0,1,1,0,0,0,0,0,0,0,0,0,0,1,0
bundled_local,Refund Pending - Claim Now Your Microsoft account needs immediate attention: bit.ly/i0p61f,1,19,1,1,0,1,0,0,1.0,0,0,1,0,0,1,0,0,1,0,0,0,0,0,0,0,0,0,0,0,0,0,1,0,0,0,0,0,0,0,0,0,0,0,1,0
bundled_local,Update Payment Method Required Your Netflix subscription needs updating: bit.ly/9329lx,1,20,1,1,0,1,0,0,1.0,0,0,1,0,0,1,0,0,1,0,0,0,0,0,0,0,0,0,0,0,0,0,0,0,0,0,0,0,0,0,0,0,0,0,0,0
bundled_local,Click Here to Confirm Your Password Congratulations! You've won $5000. Claim your prize: bit.ly/bblmbk,1,23,0,1,0,1,0,0,0.6,0,0,1,0,0,1,0,0,1,0,0,0,0,0,0,0,0,0,0,0,0,0,2,0,1,0,0,0,0,0,0,0,0,0,1,0
bundled_local,Confirm Your Identity Now Your Microsoft account needs immediate attention: bit.ly/b1xsid,1,17,0,1,0,1,0,0,1.0,0,0,1,0,0,1,0,0,1,0,0,0,0,0,0,0,0,0,0,0,0,0,0,1,0,0,0,0,0,0,0,0,0,0,0,0
bundled_local,Action Required: Unusual Activity Detected Your payment method has expired. Update it now: bit.ly/ojpuz1,1,20,1,1,0,1,0,0,1.0,0,0,1,0,0,1,0,0,1,0,0,0,0,0,0,0,0,0,0,0,0,0,0,1,0,0,0,0,0,0,0,0,0,0,0,0
bundled_local,New Feature Release Notes The team meeting has been rescheduled to Friday at 3 PM. See you then!,0,9,0,0,0,1,0,0,0.364,0,0,1,0,0,1,0,0,1,0,0,0,0,0,0,0,0,0,0,0,0,0,0,0,0,0,0,0,0,0,0,0,0,0,0,0
bundled_local,Monthly Report Attached Thank you for attending our webinar. Here's the recording link.,0,11,0,0,0,1,0,0,0.375,0,0,1,0,0,1,0,0,1,0,0,0,0,0,0,0,0,0,0,0,0,0,0,0,0,0,0,0,0,0,0,0,0,0,0,0
bundled_local,Your Order Confirmation Here's the monthly report with our latest metrics and performance analysis.,0,11,0,0,0,1,0,0,0.4,0,0,1,0,0,1,0,0,1,0,0,0,0,0,0,0,0,0,0,0,0,0,0,0,0,0,0,0,0,0,0,0,0,0,0,0
bundled_local,Action Required: Unusual Activity Detected PayPal security alert. Confirm your information: bit.ly/27m1a7,1,19,1,1,0,1,0,0,1.0,0,0,1,0,0,1,0,0,1,0,0,0,0,0,0,0,0,0,0,0,0,0,0,1,0,0,0,0,0,0,0,0,0,0,0,0
bundled_local,Congratulations! You've Won a Prize PayPal security alert. Confirm your information: bit.ly/8wxb01,1,23,0,1,0,1,0,0,0.6,0,0,1,0,0,1,0,0,1,0,0,0,0,0,0,0,0,0,0,0,0,0,1,0,0,0,0,0,0,0,0,0,0,0,1,0
bundled_local,Annual Leave Request Approved Your subscription has been renewed. Thank you for your continued support.,0,13,0,0,0,1,0,0,0.429,0,0,1,0,0,1,0,0,1,0,0,0,0,0,0,0,0,0,0,0,0,0,0,0,0,0,0,0,0,0,0,0,0,0,0,0
bundled_local,Your Package Delivery Failed Your Netflix subscription needs updating: bit.ly/deral2,1,23,0,1,0,1,0,0,0.6,0,0,1,0,0,1,0,0,1,0,0,0,0,0,0,0,0,0,0,0,0,0,0,0,0,0,0,0,0,0,0,0,0,0,0,0
bundled_local,Refund Pending - Claim Now Your payment method has expired. Update it now: bit.ly/nue5x5,1,19,1,1,0,1,0,0,1.0,0,0,1,0,0,1,0,0,1,0,0,0,0,0,0,0,0,0,0,0,0,0,1,0,0,0,0,0,0,0,0,0,0,0,1,0
bundled_local,Bank Security Alert Amazon detected unauthorized access. Verify your account: bit.ly/dq99xd,1,23,0,1,0,1,0,0,0.6,0,0,1,0,0,1,0,0,1,0,0,0,0,0,0,0,0,0,0,0,0,0,0,1,0,0,0,0,0,0,0,0,0,0,0,0
bundled_local,Bank Security Alert Your Netflix subscription needs updating: bit.ly/cu8593,1,20,1,1,0,1,0,0,1.0,0,0,1,0,0,1,0,0,1,0,0,0,0,0,0,0,0,0,0,0,0,0,0,0,0,0,0,0,0,0,0,0,0,0,0,0
bundled_local,New Feature Release Notes Welcome to our subscriber community. You'll receive weekly updates on new features.,0,11,0,0,0,1,0,0,0.375,0,0,1,0,0,1,0,0,1,0,0,0,0,0,0,0,0,0,0,0,0,0,0,0,0,0,0,0,0,0,0,0,0,0,0,0
bundled_local,Your Order Confirmation Thank you for your order! Your item will be shipped within 2 business days.,0,11,0,0,0,1,0,0,0.4,0,0,1,0,0,1,0,0,1,0,0,0,0,0,0,0,0,0,0,0,0,0,0,0,0,0,0,0,0,0,0,0,0,0,0,0
bundled_local,Your Reservation Confirmation Welcome to our subscriber community. You'll receive weekly updates on new features.,0,9,0,0,0,1,0,0,0.429,0,0,1,0,0,1,0,0,1,0,0,0,0,0,0,0,0,0,0,0,0,0,0,0,0,0,0,0,0,0,0,0,0,0,0,0
bundled_local,Monthly Report Attached The team meeting has been rescheduled to Friday at 3 PM. See you then!,0,9,0,0,0,1,0,0,0.429,0,0,1,0,0,1,0,0,1,0,0,0,0,0,0,0,0,0,0,0,0,0,0,0,0,0,0,0,0,0,0,0,0,0,0,0
bundled_local,Bank Security Alert Your Netflix subscription needs updating: bit.ly/y5ysx5,1,23,0,1,0,1,0,0,0.6,0,0,1,0,0,1,0,0,1,0,0,0,0,0,0,0,0,0,0,0,0,0,0,0,0,0,0,0,0,0,0,0,0,0,0,0
bundled_local,Action Required: Unusual Activity Detected Amazon detected unauthorized access. Verify your account: bit.ly/m6uo5x,1,17,0,1,0,1,0,0,1.0,0,0,1,0,0,1,0,0,1,0,0,0,0,0,0,0,0,0,0,0,0,0,0,2,0,0,0,0,0,0,0,0,0,0,0,0
bundled_local,Action Required: Unusual Activity Detected IRS tax refund ready for pickup. Claim here: bit.ly/16hzy3,1,17,1,1,0,1,0,0,1.0,0,0,1,0,0,1,0,0,1,0,0,0,0,0,0,0,0,0,0,0,0,0,0,1,0,0,0,0,0,0,0,0,0,0,0,0
bundled_local,Team Lunch This Friday We've improved our security. No action needed from you.,0,9,0,0,0,1,0,0,0.364,0,0,1,0,0,1,0,0,1,0,0,0,0,0,0,0,0,0,0,0,0,0,0,0,0,0,0,0,0,0,0,0,0,0,0,0
bundled_local,Bank Security Alert Your payment method has expired. Update it now: bit.ly/ie9z9i,1,23,0,1,0,1,0,0,0.6,0,0,1,0,0,1,0,0,1,0,0,0,0,0,0,0,0,0,0,0,0,0,0,0,0,0,0,0,0,0,0,0,0,0,0,0
bundled_local,Urgent: Verify Your Account Click here immediately to verify your account before it gets suspended: bit.ly/2vhnas,1,23,0,1,0,1,0,0,0.6,0,0,1,0,0,1,0,0,1,0,0,0,0,0,0,0,0,0,0,0,0,0,0,4,0,0,0,0,0,0,0,0,0,0,0,0
bundled_local,"New Feature Release Notes Hi, just wanted to follow up on our discussion. Looking forward to the meeting tomorrow.",0,11,0,0,0,1,0,0,0.462,0,0,1,0,0,1,0,0,1,0,0,0,0,0,0,0,0,0,0,0,0,0,0,0,0,0,0,0,0,0,0,0,0,0,0,0
bundled_local,Congratulations! You've Won a Prize We noticed unusual activity. Please confirm your password: bit.ly/osm7b4,1,17,1,1,0,1,0,0,1.0,0,0,1,0,0,1,0,0,1,0,0,0,0,0,0,0,0,0,0,0,0,0,1,0,1,0,0,0,0,0,0,0,0,0,1,0
bundled_local,"Your Order Confirmation Hi, just wanted to follow up on our discussion. Looking forward to the meeting tomorrow.",0,11,0,0,0,1,0,0,0.462,0,0,1,0,0,1,0,0,1,0,0,0,0,0,0,0,0,0,0,0,0,0,0,0,0,0,0,0,0,0,0,0,0,0,0,0
bundled_local,Your Package Delivery Failed We noticed unusual activity. Please confirm your password: bit.ly/eetbe7,1,23,0,1,0,1,0,0,0.6,0,0,1,0,0,1,0,0,1,0,0,0,0,0,0,0,0,0,0,0,0,0,0,0,1,0,0,0,0,0,0,0,0,0,0,0
bundled_local,Your Account Has Been Compromised Your Netflix subscription needs updating: bit.ly/1w34b6,1,23,0,1,0,1,0,0,0.6,0,0,1,0,0,1,0,0,1,0,0,0,0,0,0,0,0,0,0,0,0,0,0,0,0,0,0,0,0,0,0,0,0,0,0,0
bundled_local,Your Account Has Been Compromised Your Microsoft account needs immediate attention: bit.ly/995h0k,1,17,0,1,0,1,0,0,1.0,0,0,1,0,0,1,0,0,1,0,0,0,0,0,0,0,0,0,0,0,0,0,0,0,0,0,0,0,0,0,0,0,0,0,0,0
bundled_local,"Team Lunch This Friday Hi, just wanted to follow up on our discussion. Looking forward to the meeting tomorrow.",0,13,0,0,0,1,0,0,0.429,0,0,1,0,0,1,0,0,1,0,0,0,0,0,0,0,0,0,0,0,0,0,0,0,0,0,0,0,0,0,0,0,0,0,0,0
bundled_local,"Password Changed Successfully Hi, just wanted to follow up on our discussion. Looking forward to the meeting tomorrow.",0,9,0,0,0,1,0,0,0.429,0,0,1,0,0,1,0,0,1,0,0,0,0,0,0,0,0,0,0,0,0,0,0,0,0,0,0,0,0,0,0,0,0,0,0,0
bundled_local,Congratulations! You've Won a Prize Your payment method has expired. Update it now: bit.ly/h8sjvz,1,17,0,1,0,1,0,0,1.0,0,0,1,0,0,1,0,0,1,0,0,0,0,0,0,0,0,0,0,0,0,0,1,0,0,0,0,0,0,0,0,0,0,0,1,0
bundled_local,Refund Pending - Claim Now Confirm receipt of package: bit.ly/ire8jl,1,17,1,1,0,1,0,0,1.0,0,0,1,0,0,1,0,0,1,0,0,0,0,0,0,0,0,0,0,0,0,0,1,0,0,0,0,0,0,0,0,0,0,0,1,0
bundled_local,Refund Pending - Claim Now Amazon detected unauthorized access. Verify your account: bit.ly/az0eri,1,17,1,1,0,1,0,0,1.0,0,0,1,0,0,1,0,0,1,0,0,0,0,0,0,0,0,0,0,0,0,0,1,1,0,0,0,0,0,0,0,0,0,0,1,0
bundled_local,Your Package Delivery Failed Amazon detected unauthorized access. Verify your account: bit.ly/euw72q,1,20,1,1,0,1,0,0,1.0,0,0,1,0,0,1,0,0,1,0,0,0,0,0,0,0,0,0,0,0,0,0,0,1,0,0,0,0,0,0,0,0,0,0,0,0
bundled_local,Action Required: Unusual Activity Detected Your Netflix subscription needs updating: bit.ly/q0b2ad,1,19,1,1,0,1,0,0,1.0,0,0,1,0,0,1,0,0,1,0,0,0,0,0,0,0,0,0,0,0,0,0,0,1,0,0,0,0,0,0,0,0,0,0,0,0
bundled_local,Click Here to Confirm Your Password Click here immediately to verify your account before it gets suspended: bit.ly/3ek2ga,1,17,1,1,0,1,0,0,1.0,0,0,1,0,0,1,0,0,1,0,0,0,0,0,0,0,0,0,0,0,0,0,0,2,1,0,0,0,0,0,0,0,0,0,0,0
bundled_local,Team Lunch This Friday Thank you for attending our webinar. Here's the recording link.,0,11,0,0,0,1,0,0,0.375,0,0,1,0,0,1,0,0,1,0,0,0,0,0,0,0,0,0,0,0,0,0,0,0,0,0,0,0,0,0,0,0,0,0,0,0
bundled_local,Your Account Has Been Compromised Click here immediately to verify your account before it gets suspended: bit.ly/oiypof,1,17,1,1,0,1,0,0,1.0,0,0,1,0,0,1,0,0,1,0,0,0,0,0,0,0,0,0,0,0,0,0,0,2,0,0,0,0,0,0,0,0,0,0,0,0
bundled_local,Urgent: Verify Your Account Amazon detected unauthorized access. Verify your account: bit.ly/2jc2j3,1,17,0,1,0,1,0,0,1.0,0,0,1,0,0,1,0,0,1,0,0,0,0,0,0,0,0,0,0,0,0,0,0,3,0,0,0,0,0,0,0,0,0,0,0,0
bundled_local,Click Here to Confirm Your Password Amazon detected unauthorized access. Verify your account: bit.ly/8834l9,1,17,1,1,0,1,0,0,1.0,0,0,1,0,0,1,0,0,1,0,0,0,0,0,0,0,0,0,0,0,0,0,0,1,1,0,0,0,0,0,0,0,0,0,0,0
bundled_local,Your Order Confirmation Thank you for attending our webinar. Here's the recording link.,0,7,0,0,0,1,0,0,0.75,0,0,1,0,0,1,0,0,1,0,0,0,0,0,0,0,0,0,0,0,0,0,0,0,0,0,0,0,0,0,0,0,0,0,0,0
bundled_local,Your Account Has Been Compromised Your Microsoft account needs immediate attention: bit.ly/16q9xa,1,23,0,1,0,1,0,0,0.6,0,0,1,0,0,1,0,0,1,0,0,0,0,0,0,0,0,0,0,0,0,0,0,0,0,0,0,0,0,0,0,0,0,0,0,0
bundled_local,Urgent: Verify Your Account Confirm receipt of package: bit.ly/9ev4om,1,17,1,1,0,1,0,0,1.0,0,0,1,0,0,1,0,0,1,0,0,0,0,0,0,0,0,0,0,0,0,0,0,2,0,0,0,0,0,0,0,0,0,0,0,0
bundled_local,Bank Security Alert Your Netflix subscription needs updating: bit.ly/n5bz0e,1,17,0,1,0,1,0,0,1.0,0,0,1,0,0,1,0,0,1,0,0,0,0,0,0,0,0,0,0,0,0,0,0,0,0,0,0,0,0,0,0,0,0,0,0,0
bundled_local,Action Required: Unusual Activity Detected Confirm receipt of package: bit.ly/wh0tjr,1,23,0,1,0,1,0,0,0.6,0,0,1,0,0,1,0,0,1,0,0,0,0,0,0,0,0,0,0,0,0,0,0,1,0,0,0,0,0,0,0,0,0,0,0,0
bundled_local,Congratulations! You've Won a Prize Congratulations! You've won $5000. Claim your prize: bit.ly/k4bzws,1,23,0,1,0,1,0,0,0.6,0,0,1,0,0,1,0,0,1,0,0,0,0,0,0,0,0,0,0,0,0,0,3,0,0,0,0,0,0,0,0,0,0,0,1,0
bundled_local,Annual Leave Request Approved Thank you for your order! Your item will be shipped within 2 business days.,0,11,0,0,0,1,0,0,0.375,0,0,1,0,0,1,0,0,1,0,0,0,0,0,0,0,0,0,0,0,0,0,0,0,0,0,0,0,0,0,0,0,0,0,0,0
bundled_local,Update Payment Method Required Click here immediately to verify your account before it gets suspended: bit.ly/d052cw,1,23,0,1,0,1,0,0,0.6,0,0,1,0,0,1,0,0,1,0,0,0,0,0,0,0,0,0,0,0,0,0,0,2,0,0,0,0,0,0,0,0,0,0,0,0
bundled_local,Refund Pending - Claim Now Your Netflix subscription needs updating: bit.ly/wcfgcx,1,23,0,1,0,1,0,0,0.6,0,0,1,0,0,1,0,0,1,0,0,0,0,0,0,0,0,0,0,0,0,0,1,0,0,0,0,0,0,0,0,0,0,0,1,0
bundled_local,Click Here to Confirm Your Password Congratulations! You've won $5000. Claim your prize: bit.ly/blwvju,1,23,0,1,0,1,0,0,0.6,0,0,1,0,0,1,0,0,1,0,0,0,0,0,0,0,0,0,0,0,0,0,2,0,1,0,0,0,0,0,0,0,0,0,1,0
bundled_local,Bank Security Alert IRS tax refund ready for pickup. Claim here: bit.ly/jsrvga,1,23,0,1,0,1,0,0,0.6,0,0,1,0,0,1,0,0,1,0,0,0,0,0,0,0,0,0,0,0,0,0,0,0,0,0,0,0,0,0,0,0,0,0,0,0
bundled_local,Confirm Your Identity Now Confirm receipt of package: bit.ly/a4thr1,1,20,1,1,0,1,0,0,1.0,0,0,1,0,0,1,0,0,1,0,0,0,0,0,0,0,0,0,0,0,0,0,0,1,0,0,0,0,0,0,0,0,0,0,0,0
bundled_local,Click Here to Confirm Your Password PayPal security alert. Confirm your information: bit.ly/8rdtia,1,23,0,1,0,1,0,0,0.6,0,0,1,0,0,1,0,0,1,0,0,0,0,0,0,0,0,0,0,0,0,0,0,0,1,0,0,0,0,0,0,0,0,0,0,0
bundled_local,Refund Pending - Claim Now Your payment method has expired. Update it now: bit.ly/hazni9,1,23,0,1,0,1,0,0,0.6,0,0,1,0,0,1,0,0,1,0,0,0,0,0,0,0,0,0,0,0,0,0,1,0,0,0,0,0,0,0,0,0,0,0,1,0
bundled_local,Action Required: Unusual Activity Detected PayPal security alert. Confirm your information: bit.ly/13w2pp,1,23,0,1,0,1,0,0,0.6,0,0,1,0,0,1,0,0,1,0,0,0,0,0,0,0,0,0,0,0,0,0,0,1,0,0,0,0,0,0,0,0,0,0,0,0
bundled_local,Your Reservation Confirmation We've improved our security. No action needed from you.,0,7,0,0,0,1,0,0,0.75,0,0,1,0,0,1,0,0,1,0,0,0,0,0,0,0,0,0,0,0,0,0,0,0,0,0,0,0,0,0,0,0,0,0,0,0
bundled_local,Bank Security Alert Amazon detected unauthorized access. Verify your account: bit.ly/l4liir,1,17,0,1,0,1,0,0,1.0,0,0,1,0,0,1,0,0,1,0,0,0,0,0,0,0,0,0,0,0,0,0,0,1,0,0,0,0,0,0,0,0,0,0,0,0
bundled_local,Bank Security Alert Your Microsoft account needs immediate attention: bit.ly/8gd3mk,1,17,0,1,0,1,0,0,1.0,0,0,1,0,0,1,0,0,1,0,0,0,0,0,0,0,0,0,0,0,0,0,0,0,0,0,0,0,0,0,0,0,0,0,0,0
bundled_local,Update Payment Method Required Your Microsoft account needs immediate attention: bit.ly/4ye4xg,1,17,0,1,0,1,0,0,1.0,0,0,1,0,0,1,0,0,1,0,0,0,0,0,0,0,0,0,0,0,0,0,0,0,0,0,0,0,0,0,0,0,0,0,0,0
bundled_local,Project Update - Q3 Results Your subscription has been renewed. Thank you for your continued support.,0,13,0,0,0,1,0,0,0.429,0,0,1,0,0,1,0,0,1,0,0,0,0,0,0,0,0,0,0,0,0,0,0,0,0,0,0,0,0,0,0,0,0,0,0,0
bundled_local,Congratulations! You've Won a Prize Your Netflix subscription needs updating: bit.ly/x7cu00,1,23,0,1,0,1,0,0,0.6,0,0,1,0,0,1,0,0,1,0,0,0,0,0,0,0,0,0,0,0,0,0,1,0,0,0,0,0,0,0,0,0,0,0,1,0
bundled_local,Project Update - Q3 Results The team meeting has been rescheduled to Friday at 3 PM. See you then!,0,11,0,0,0,1,0,0,0.375,0,0,1,0,0,1,0,0,1,0,0,0,0,0,0,0,0,0,0,0,0,0,0,0,0,0,0,0,0,0,0,0,0,0,0,0
bundled_local,Confirm Your Identity Now Your Netflix subscription needs updating: bit.ly/ntubg4,1,19,1,1,0,1,0,0,1.0,0,0,1,0,0,1,0,0,1,0,0,0,0,0,0,0,0,0,0,0,0,0,0,1,0,0,0,0,0,0,0,0,0,0,0,0
bundled_local,Congratulations! You've Won a Prize Confirm receipt of package: bit.ly/ret9zo,1,17,1,1,0,1,0,0,1.0,0,0,1,0,0,1,0,0,1,0,0,0,0,0,0,0,0,0,0,0,0,0,1,0,0,0,0,0,0,0,0,0,0,0,1,0
bundled_local,Your Account Has Been Compromised Congratulations! You've won $5000. Claim your prize: bit.ly/9bjsvf,1,23,0,1,0,1,0,0,0.6,0,0,1,0,0,1,0,0,1,0,0,0,0,0,0,0,0,0,0,0,0,0,2,0,0,0,0,0,0,0,0,0,0,0,1,0
bundled_local,Your Account Has Been Compromised Confirm receipt of package: bit.ly/4xcb38,1,23,0,1,0,1,0,0,0.6,0,0,1,0,0,1,0,0,1,0,0,0,0,0,0,0,0,0,0,0,0,0,0,0,0,0,0,0,0,0,0,0,0,0,0,0
bundled_local,Click Here to Confirm Your Password We noticed unusual activity. Please confirm your password: bit.ly/l4bvfz,1,23,0,1,0,1,0,0,0.6,0,0,1,0,0,1,0,0,1,0,0,0,0,0,0,0,0,0,0,0,0,0,0,0,2,0,0,0,0,0,0,0,0,0,0,0
bundled_local,Congratulations! You've Won a Prize We noticed unusual activity. Please confirm your password: bit.ly/nby5iz,1,20,1,1,0,1,0,0,1.0,0,0,1,0,0,1,0,0,1,0,0,0,0,0,0,0,0,0,0,0,0,0,1,0,1,0,0,0,0,0,0,0,0,0,1,0
bundled_local,Action Required: Unusual Activity Detected IRS tax refund ready for pickup. Claim here: bit.ly/30ajso,1,23,0,1,0,1,0,0,0.6,0,0,1,0,0,1,0,0,1,0,0,0,0,0,0,0,0,0,0,0,0,0,0,1,0,0,0,0,0,0,0,0,0,0,0,0
bundled_local,Confirm Your Identity Now Amazon detected unauthorized access. Verify your account: bit.ly/yoeg7z,1,17,0,1,0,1,0,0,1.0,0,0,1,0,0,1,0,0,1,0,0,0,0,0,0,0,0,0,0,0,0,0,0,2,0,0,0,0,0,0,0,0,0,0,0,0
bundled_local,Urgent: Verify Your Account Click here immediately to verify your account before it gets suspended: bit.ly/6jqlzr,1,23,0,1,0,1,0,0,0.6,0,0,1,0,0,1,0,0,1,0,0,0,0,0,0,0,0,0,0,0,0,0,0,4,0,0,0,0,0,0,0,0,0,0,0,0
bundled_local,Action Required: Unusual Activity Detected We noticed unusual activity. Please confirm your password: bit.ly/dbbj0i,1,17,1,1,0,1,0,0,1.0,0,0,1,0,0,1,0,0,1,0,0,0,0,0,0,0,0,0,0,0,0,0,0,1,1,0,0,0,0,0,0,0,0,0,0,0
bundled_local,Welcome to Our Newsletter Thank you for attending our webinar. Here's the recording link.,0,11,0,0,0,1,0,0,0.462,0,0,1,0,0,1,0,0,1,0,0,0,0,0,0,0,0,0,0,0,0,0,0,0,0,0,0,0,0,0,0,0,0,0,0,0
bundled_local,Bank Security Alert Your Netflix subscription needs updating: bit.ly/z0on21,1,19,1,1,0,1,0,0,1.0,0,0,1,0,0,1,0,0,1,0,0,0,0,0,0,0,0,0,0,0,0,0,0,0,0,0,0,0,0,0,0,0,0,0,0,0
bundled_local,Confirm Your Identity Now IRS tax refund ready for pickup. Claim here: bit.ly/3dprso,1,23,0,1,0,1,0,0,0.6,0,0,1,0,0,1,0,0,1,0,0,0,0,0,0,0,0,0,0,0,0,0,0,1,0,0,0,0,0,0,0,0,0,0,0,0
bundled_local,Urgent: Verify Your Account Your payment method has expired. Update it now: bit.ly/iud6fv,1,19,1,1,0,1,0,0,1.0,0,0,1,0,0,1,0,0,1,0,0,0,0,0,0,0,0,0,0,0,0,0,0,2,0,0,0,0,0,0,0,0,0,0,0,0
bundled_local,Congratulations! You've Won a Prize Amazon detected unauthorized access. Verify your account: bit.ly/mfth7i,1,17,1,1,0,1,0,0,1.0,0,0,1,0,0,1,0,0,1,0,0,0,0,0,0,0,0,0,0,0,0,0,1,1,0,0,0,0,0,0,0,0,0,0,1,0
bundled_local,"Monthly Report Attached Hi, just wanted to follow up on our discussion. Looking forward to the meeting tomorrow.",0,9,0,0,0,1,0,0,0.429,0,0,1,0,0,1,0,0,1,0,0,0,0,0,0,0,0,0,0,0,0,0,0,0,0,0,0,0,0,0,0,0,0,0,0,0
bundled_local,Click Here to Confirm Your Password We noticed unusual activity. Please confirm your password: bit.ly/h6l6r4,1,17,0,1,0,1,0,0,1.0,0,0,1,0,0,1,0,0,1,0,0,0,0,0,0,0,0,0,0,0,0,0,0,0,2,0,0,0,0,0,0,0,0,0,0,0
bundled_local,Your Account Has Been Compromised Your Netflix subscription needs updating: bit.ly/qj0tnz,1,23,0,1,0,1,0,0,0.6,0,0,1,0,0,1,0,0,1,0,0,0,0,0,0,0,0,0,0,0,0,0,0,0,0,0,0,0,0,0,0,0,0,0,0,0
bundled_local,Urgent: Verify Your Account Your payment method has expired. Update it now: bit.ly/0xoo1e,1,23,0,1,0,1,0,0,0.6,0,0,1,0,0,1,0,0,1,0,0,0,0,0,0,0,0,0,0,0,0,0,0,2,0,0,0,0,0,0,0,0,0,0,0,0
bundled_local,Action Required: Unusual Activity Detected Click here immediately to verify your account before it gets suspended: bit.ly/9y0aez,1,23,0,1,0,1,0,0,0.6,0,0,1,0,0,1,0,0,1,0,0,0,0,0,0,0,0,0,0,0,0,0,0,3,0,0,0,0,0,0,0,0,0,0,0,0
bundled_local,Click Here to Confirm Your Password Confirm receipt of package: bit.ly/6p7ay7,1,19,1,1,0,1,0,0,1.0,0,0,1,0,0,1,0,0,1,0,0,0,0,0,0,0,0,0,0,0,0,0,0,0,1,0,0,0,0,0,0,0,0,0,0,0
bundled_local,Refund Pending - Claim Now Your payment method has expired. Update it now: bit.ly/asht5p,1,17,1,1,0,1,0,0,1.0,0,0,1,0,0,1,0,0,1,0,0,0,0,0,0,0,0,0,0,0,0,0,1,0,0,0,0,0,0,0,0,0,0,0,1,0
bundled_local,Confirm Your Identity Now Click here immediately to verify your account before it gets suspended: bit.ly/xie4h8,1,17,1,1,0,1,0,0,1.0,0,0,1,0,0,1,0,0,1,0,0,0,0,0,0,0,0,0,0,0,0,0,0,3,0,0,0,0,0,0,0,0,0,0,0,0
bundled_local,Urgent: Verify Your Account Your payment method has expired. Update it now: bit.ly/w8fjjn,1,23,0,1,0,1,0,0,0.6,0,0,1,0,0,1,0,0,1,0,0,0,0,0,0,0,0,0,0,0,0,0,0,2,0,0,0,0,0,0,0,0,0,0,0,0
bundled_local,Click Here to Confirm Your Password Congratulations! You've won $5000. Claim your prize: bit.ly/70x7qs,1,17,0,1,0,1,0,0,1.0,0,0,1,0,0,1,0,0,1,0,0,0,0,0,0,0,0,0,0,0,0,0,2,0,1,0,0,0,0,0,0,0,0,0,1,0
bundled_local,"New Feature Release Notes Your password has been successfully changed. If this wasn't you, contact support.",0,11,0,0,0,1,0,0,0.4,0,0,1,0,0,1,0,0,1,0,0,0,0,0,0,0,0,0,0,0,0,0,0,0,0,0,0,0,0,0,0,0,0,0,0,0
bundled_local,Action Required: Unusual Activity Detected Your Microsoft account needs immediate attention: bit.ly/v8su95,1,23,0,1,0,1,0,0,0.6,0,0,1,0,0,1,0,0,1,0,0,0,0,0,0,0,0,0,0,0,0,0,0,1,0,0,0,0,0,0,0,0,0,0,0,0
bundled_local,Your Package Delivery Failed Click here immediately to verify your account before it gets suspended: bit.ly/g85jko,1,17,1,1,0,1,0,0,1.0,0,0,1,0,0,1,0,0,1,0,0,0,0,0,0,0,0,0,0,0,0,0,0,2,0,0,0,0,0,0,0,0,0,0,0,0
bundled_local,Your Package Delivery Failed Your Microsoft account needs immediate attention: bit.ly/rg6vej,1,19,1,1,0,1,0,0,1.0,0,0,1,0,0,1,0,0,1,0,0,0,0,0,0,0,0,0,0,0,0,0,0,0,0,0,0,0,0,0,0,0,0,0,0,0
bundled_local,Congratulations! You've Won a Prize Your payment method has expired. Update it now: bit.ly/n32n0o,1,17,0,1,0,1,0,0,1.0,0,0,1,0,0,1,0,0,1,0,0,0,0,0,0,0,0,0,0,0,0,0,1,0,0,0,0,0,0,0,0,0,0,0,1,0
bundled_local,Project Update - Q3 Results Thank you for your order! Your item will be shipped within 2 business days.,0,9,0,0,0,1,0,0,0.364,0,0,1,0,0,1,0,0,1,0,0,0,0,0,0,0,0,0,0,0,0,0,0,0,0,0,0,0,0,0,0,0,0,0,0,0
bundled_local,"Monthly Report Attached Your password has been successfully changed. If this wasn't you, contact support.",0,11,0,0,0,1,0,0,0.375,0,0,1,0,0,1,0,0,1,0,0,0,0,0,0,0,0,0,0,0,0,0,0,0,0,0,0,0,0,0,0,0,0,0,0,0
bundled_local,Bank Security Alert Confirm receipt of package: bit.ly/mp9qsb,1,17,0,1,0,1,0,0,1.0,0,0,1,0,0,1,0,0,1,0,0,0,0,0,0,0,0,0,0,0,0,0,0,0,0,0,0,0,0,0,0,0,0,0,0,0
bundled_local,Click Here to Confirm Your Password Click here immediately to verify your account before it gets suspended: bit.ly/7fvr6m,1,20,1,1,0,1,0,0,1.0,0,0,1,0,0,1,0,0,1,0,0,0,0,0,0,0,0,0,0,0,0,0,0,2,1,0,0,0,0,0,0,0,0,0,0,0
bundled_local,Your Package Delivery Failed We noticed unusual activity. Please confirm your password: bit.ly/1gyfix,1,17,1,1,0,1,0,0,1.0,0,0,1,0,0,1,0,0,1,0,0,0,0,0,0,0,0,0,0,0,0,0,0,0,1,0,0,0,0,0,0,0,0,0,0,0
bundled_local,Confirm Your Identity Now Congratulations! You've won $5000. Claim your prize: bit.ly/8qa5og,1,20,1,1,0,1,0,0,1.0,0,0,1,0,0,1,0,0,1,0,0,0,0,0,0,0,0,0,0,0,0,0,2,1,0,0,0,0,0,0,0,0,0,0,1,0
bundled_local,Annual Leave Request Approved Thank you for attending our webinar. Here's the recording link.,0,11,0,0,0,1,0,0,0.462,0,0,1,0,0,1,0,0,1,0,0,0,0,0,0,0,0,0,0,0,0,0,0,0,0,0,0,0,0,0,0,0,0,0,0,0
bundled_local,Congratulations! You've Won a Prize We noticed unusual activity. Please confirm your password: bit.ly/nwtz0t,1,19,1,1,0,1,0,0,1.0,0,0,1,0,0,1,0,0,1,0,0,0,0,0,0,0,0,0,0,0,0,0,1,0,1,0,0,0,0,0,0,0,0,0,1,0
bundled_local,Password Changed Successfully Attached is the updated project timeline. Please review and provide feedback.,0,9,0,0,0,1,0,0,0.364,0,0,1,0,0,1,0,0,1,0,0,0,0,0,0,0,0,0,0,0,0,0,0,0,0,0,0,0,0,0,0,0,0,0,0,0
bundled_local,Your Package Delivery Failed PayPal security alert. Confirm your information: bit.ly/rspzzd,1,19,1,1,0,1,0,0,1.0,0,0,1,0,0,1,0,0,1,0,0,0,0,0,0,0,0,0,0,0,0,0,0,0,0,0,0,0,0,0,0,0,0,0,0,0
bundled_local,Action Required: Unusual Activity Detected PayPal security alert. Confirm your information: bit.ly/z25m2k,1,17,0,1,0,1,0,0,1.0,0,0,1,0,0,1,0,0,1,0,0,0,0,0,0,0,0,0,0,0,0,0,0,1,0,0,0,0,0,0,0,0,0,0,0,0
bundled_local,Your Package Delivery Failed We noticed unusual activity. Please confirm your password: bit.ly/pqix8u,1,19,1,1,0,1,0,0,1.0,0,0,1,0,0,1,0,0,1,0,0,0,0,0,0,0,0,0,0,0,0,0,0,0,1,0,0,0,0,0,0,0,0,0,0,0
bundled_local,"Project Update - Q3 Results Your password has been successfully changed. If this wasn't you, contact support.",0,11,0,0,0,1,0,0,0.462,0,0,1,0,0,1,0,0,1,0,0,0,0,0,0,0,0,0,0,0,0,0,0,0,0,0,0,0,0,0,0,0,0,0,0,0
bundled_local,Bank Security Alert Click here immediately to verify your account before it gets suspended: bit.ly/ii8hmv,1,20,1,1,0,1,0,0,1.0,0,0,1,0,0,1,0,0,1,0,0,0,0,0,0,0,0,0,0,0,0,0,0,2,0,0,0,0,0,0,0,0,0,0,0,0
bundled_local,Your Account Has Been Compromised Your Microsoft account needs immediate attention: bit.ly/4kzktt,1,17,1,1,0,1,0,0,1.0,0,0,1,0,0,1,0,0,1,0,0,0,0,0,0,0,0,0,0,0,0,0,0,0,0,0,0,0,0,0,0,0,0,0,0,0
bundled_local,Refund Pending - Claim Now Your Microsoft account needs immediate attention: bit.ly/s5ov93,1,17,0,1,0,1,0,0,1.0,0,0,1,0,0,1,0,0,1,0,0,0,0,0,0,0,0,0,0,0,0,0,1,0,0,0,0,0,0,0,0,0,0,0,1,0
bundled_local,Bank Security Alert We noticed unusual activity. Please confirm your password: bit.ly/jz3owq,1,17,0,1,0,1,0,0,1.0,0,0,1,0,0,1,0,0,1,0,0,0,0,0,0,0,0,0,0,0,0,0,0,0,1,0,0,0,0,0,0,0,0,0,0,0
bundled_local,Monthly Report Attached Here's the monthly report with our latest metrics and performance analysis.,0,11,0,0,0,1,0,0,0.462,0,0,1,0,0,1,0,0,1,0,0,0,0,0,0,0,0,0,0,0,0,0,0,0,0,0,0,0,0,0,0,0,0,0,0,0
bundled_local,Refund Pending - Claim Now PayPal security alert. Confirm your information: bit.ly/kbs220,1,17,0,1,0,1,0,0,1.0,0,0,1,0,0,1,0,0,1,0,0,0,0,0,0,0,0,0,0,0,0,0,1,0,0,0,0,0,0,0,0,0,0,0,1,0
bundled_local,Your Reservation Confirmation Your subscription has been renewed. Thank you for your continued support.,0,9,0,0,0,1,0,0,0.364,0,0,1,0,0,1,0,0,1,0,0,0,0,0,0,0,0,0,0,0,0,0,0,0,0,0,0,0,0,0,0,0,0,0,0,0
bundled_local,Annual Leave Request Approved Welcome to our subscriber community. You'll receive weekly updates on new features.,0,9,0,0,0,1,0,0,0.364,0,0,1,0,0,1,0,0,1,0,0,0,0,0,0,0,0,0,0,0,0,0,0,0,0,0,0,0,0,0,0,0,0,0,0,0
bundled_local,Bank Security Alert Click here immediately to verify your account before it gets suspended: bit.ly/pv27ey,1,19,1,1,0,1,0,0,1.0,0,0,1,0,0,1,0,0,1,0,0,0,0,0,0,0,0,0,0,0,0,0,0,2,0,0,0,0,0,0,0,0,0,0,0,0
bundled_local,Monthly Report Attached Attached is the updated project timeline. Please review and provide feedback.,0,13,0,0,0,1,0,0,0.429,0,0,1,0,0,1,0,0,1,0,0,0,0,0,0,0,0,0,0,0,0,0,0,0,0,0,0,0,0,0,0,0,0,0,0,0
bundled_local,Project Update - Q3 Results Here's the monthly report with our latest metrics and performance analysis.,0,11,0,0,0,1,0,0,0.462,0,0,1,0,0,1,0,0,1,0,0,0,0,0,0,0,0,0,0,0,0,0,0,0,0,0,0,0,0,0,0,0,0,0,0,0
bundled_local,Update Payment Method Required Your Microsoft account needs immediate attention: bit.ly/sngfxq,1,20,1,1,0,1,0,0,1.0,0,0,1,0,0,1,0,0,1,0,0,0,0,0,0,0,0,0,0,0,0,0,0,0,0,0,0,0,0,0,0,0,0,0,0,0
bundled_local,Refund Pending - Claim Now We noticed unusual activity. Please confirm your password: bit.ly/rs1nmf,1,23,0,1,0,1,0,0,0.6,0,0,1,0,0,1,0,0,1,0,0,0,0,0,0,0,0,0,0,0,0,0,1,0,1,0,0,0,0,0,0,0,0,0,1,0
bundled_local,Congratulations! You've Won a Prize Your payment method has expired. Update it now: bit.ly/5b3q1i,1,23,0,1,0,1,0,0,0.6,0,0,1,0,0,1,0,0,1,0,0,0,0,0,0,0,0,0,0,0,0,0,1,0,0,0,0,0,0,0,0,0,0,0,1,0
bundled_local,Your Account Has Been Compromised Your Microsoft account needs immediate attention: bit.ly/f9slqe,1,23,0,1,0,1,0,0,0.6,0,0,1,0,0,1,0,0,1,0,0,0,0,0,0,0,0,0,0,0,0,0,0,0,0,0,0,0,0,0,0,0,0,0,0,0
bundled_local,Your Account Has Been Compromised Amazon detected unauthorized access. Verify your account: bit.ly/2veakj,1,23,0,1,0,1,0,0,0.6,0,0,1,0,0,1,0,0,1,0,0,0,0,0,0,0,0,0,0,0,0,0,0,1,0,0,0,0,0,0,0,0,0,0,0,0
bundled_local,Refund Pending - Claim Now PayPal security alert. Confirm your information: bit.ly/9bdzhw,1,23,0,1,0,1,0,0,0.6,0,0,1,0,0,1,0,0,1,0,0,0,0,0,0,0,0,0,0,0,0,0,1,0,0,0,0,0,0,0,0,0,0,0,1,0
bundled_local,Click Here to Confirm Your Password Confirm receipt of package: bit.ly/pp9pas,1,17,1,1,0,1,0,0,1.0,0,0,1,0,0,1,0,0,1,0,0,0,0,0,0,0,0,0,0,0,0,0,0,0,1,0,0,0,0,0,0,0,0,0,0,0
bundled_local,Your Reservation Confirmation Thank you for attending our webinar. Here's the recording link.,0,13,0,0,0,1,0,0,0.429,0,0,1,0,0,1,0,0,1,0,0,0,0,0,0,0,0,0,0,0,0,0,0,0,0,0,0,0,0,0,0,0,0,0,0,0
bundled_local,Click Here to Confirm Your Password Click here immediately to verify your account before it gets suspended: bit.ly/7ptju6,1,23,0,1,0,1,0,0,0.6,0,0,1,0,0,1,0,0,1,0,0,0,0,0,0,0,0,0,0,0,0,0,0,2,1,0,0,0,0,0,0,0,0,0,0,0
bundled_local,Action Required: Unusual Activity Detected PayPal security alert. Confirm your information: bit.ly/i9gw2l,1,23,0,1,0,1,0,0,0.6,0,0,1,0,0,1,0,0,1,0,0,0,0,0,0,0,0,0,0,0,0,0,0,1,0,0,0,0,0,0,0,0,0,0,0,0
bundled_local,Bank Security Alert Click here immediately to verify your account before it gets suspended: bit.ly/nq3juo,1,17,1,1,0,1,0,0,1.0,0,0,1,0,0,1,0,0,1,0,0,0,0,0,0,0,0,0,0,0,0,0,0,2,0,0,0,0,0,0,0,0,0,0,0,0
bundled_local,Update Payment Method Required Confirm receipt of package: bit.ly/ju235n,1,17,0,1,0,1,0,0,1.0,0,0,1,0,0,1,0,0,1,0,0,0,0,0,0,0,0,0,0,0,0,0,0,0,0,0,0,0,0,0,0,0,0,0,0,0
bundled_local,Congratulations! You've Won a Prize Congratulations! You've won $5000. Claim your prize: bit.ly/ayvgoh,1,19,1,1,0,1,0,0,1.0,0,0,1,0,0,1,0,0,1,0,0,0,0,0,0,0,0,0,0,0,0,0,3,0,0,0,0,0,0,0,0,0,0,0,1,0
bundled_local,Bank Security Alert Your Netflix subscription needs updating: bit.ly/fn4ech,1,17,0,1,0,1,0,0,1.0,0,0,1,0,0,1,0,0,1,0,0,0,0,0,0,0,0,0,0,0,0,0,0,0,0,0,0,0,0,0,0,0,0,0,0,0
bundled_local,Congratulations! You've Won a Prize Confirm receipt of package: bit.ly/tu966g,1,17,0,1,0,1,0,0,1.0,0,0,1,0,0,1,0,0,1,0,0,0,0,0,0,0,0,0,0,0,0,0,1,0,0,0,0,0,0,0,0,0,0,0,1,0
bundled_local,Congratulations! You've Won a Prize Your Microsoft account needs immediate attention: bit.ly/gv3hds,1,17,0,1,0,1,0,0,1.0,0,0,1,0,0,1,0,0,1,0,0,0,0,0,0,0,0,0,0,0,0,0,1,0,0,0,0,0,0,0,0,0,0,0,1,0
bundled_local,Your Package Delivery Failed We noticed unusual activity. Please confirm your password: bit.ly/26tb9d,1,23,0,1,0,1,0,0,0.6,0,0,1,0,0,1,0,0,1,0,0,0,0,0,0,0,0,0,0,0,0,0,0,0,1,0,0,0,0,0,0,0,0,0,0,0
bundled_local,Your Package Delivery Failed PayPal security alert. Confirm your information: bit.ly/zwqd1d,1,23,0,1,0,1,0,0,0.6,0,0,1,0,0,1,0,0,1,0,0,0,0,0,0,0,0,0,0,0,0,0,0,0,0,0,0,0,0,0,0,0,0,0,0,0
bundled_local,Refund Pending - Claim Now Amazon detected unauthorized access. Verify your account: bit.ly/xiec3m,1,23,0,1,0,1,0,0,0.6,0,0,1,0,0,1,0,0,1,0,0,0,0,0,0,0,0,0,0,0,0,0,1,1,0,0,0,0,0,0,0,0,0,0,1,0
bundled_local,Congratulations! You've Won a Prize We noticed unusual activity. Please confirm your password: bit.ly/7f5hdt,1,23,0,1,0,1,0,0,0.6,0,0,1,0,0,1,0,0,1,0,0,0,0,0,0,0,0,0,0,0,0,0,1,0,1,0,0,0,0,0,0,0,0,0,1,0
bundled_local,Your Package Delivery Failed Confirm receipt of package: bit.ly/ttdlwz,1,17,1,1,0,1,0,0,1.0,0,0,1,0,0,1,0,0,1,0,0,0,0,0,0,0,0,0,0,0,0,0,0,0,0,0,0,0,0,0,0,0,0,0,0,0
bundled_local,Click Here to Confirm Your Password Your Microsoft account needs immediate attention: bit.ly/6ne3dw,1,19,1,1,0,1,0,0,1.0,0,0,1,0,0,1,0,0,1,0,0,0,0,0,0,0,0,0,0,0,0,0,0,0,1,0,0,0,0,0,0,0,0,0,0,0
bundled_local,Your Account Has Been Compromised Your Microsoft account needs immediate attention: bit.ly/x3qrcy,1,19,1,1,0,1,0,0,1.0,0,0,1,0,0,1,0,0,1,0,0,0,0,0,0,0,0,0,0,0,0,0,0,0,0,0,0,0,0,0,0,0,0,0,0,0
bundled_local,Your Package Delivery Failed We noticed unusual activity. Please confirm your password: bit.ly/rprji0,1,19,1,1,0,1,0,0,1.0,0,0,1,0,0,1,0,0,1,0,0,0,0,0,0,0,0,0,0,0,0,0,0,0,1,0,0,0,0,0,0,0,0,0,0,0
bundled_local,Your Account Has Been Compromised Confirm receipt of package: bit.ly/kdr1mt,1,23,0,1,0,1,0,0,0.6,0,0,1,0,0,1,0,0,1,0,0,0,0,0,0,0,0,0,0,0,0,0,0,0,0,0,0,0,0,0,0,0,0,0,0,0
bundled_local,Confirm Your Identity Now Your payment method has expired. Update it now: bit.ly/wl31zq,1,20,1,1,0,1,0,0,1.0,0,0,1,0,0,1,0,0,1,0,0,0,0,0,0,0,0,0,0,0,0,0,0,1,0,0,0,0,0,0,0,0,0,0,0,0
bundled_local,Welcome to Our Newsletter We've improved our security. No action needed from you.,0,9,0,0,0,1,0,0,0.429,0,0,1,0,0,1,0,0,1,0,0,0,0,0,0,0,0,0,0,0,0,0,0,0,0,0,0,0,0,0,0,0,0,0,0,0
bundled_local,Monthly Report Attached We've improved our security. No action needed from you.,0,9,0,0,0,1,0,0,0.429,0,0,1,0,0,1,0,0,1,0,0,0,0,0,0,0,0,0,0,0,0,0,0,0,0,0,0,0,0,0,0,0,0,0,0,0
bundled_local,Confirm Your Identity Now IRS tax refund ready for pickup. Claim here: bit.ly/83hzg7,1,20,1,1,0,1,0,0,1.0,0,0,1,0,0,1,0,0,1,0,0,0,0,0,0,0,0,0,0,0,0,0,0,1,0,0,0,0,0,0,0,0,0,0,0,0
bundled_local,Confirm Your Identity Now Your Netflix subscription needs updating: bit.ly/w50khi,1,17,0,1,0,1,0,0,1.0,0,0,1,0,0,1,0,0,1,0,0,0,0,0,0,0,0,0,0,0,0,0,0,1,0,0,0,0,0,0,0,0,0,0,0,0
bundled_local,Team Lunch This Friday Thank you for your order! Your item will be shipped within 2 business days.,0,7,0,0,0,1,0,0,0.75,0,0,1,0,0,1,0,0,1,0,0,0,0,0,0,0,0,0,0,0,0,0,0,0,0,0,0,0,0,0,0,0,0,0,0,0
bundled_local,Congratulations! You've Won a Prize Click here immediately to verify your account before it gets suspended: bit.ly/8fhju0,1,23,0,1,0,1,0,0,0.6,0,0,1,0,0,1,0,0,1,0,0,0,0,0,0,0,0,0,0,0,0,0,1,2,0,0,0,0,0,0,0,0,0,0,1,0
bundled_local,Bank Security Alert Congratulations! You've won $5000. Claim your prize: bit.ly/7p0m9o,1,23,0,1,0,1,0,0,0.6,0,0,1,0,0,1,0,0,1,0,0,0,0,0,0,0,0,0,0,0,0,0,2,0,0,0,0,0,0,0,0,0,0,0,1,0
bundled_local,Your Package Delivery Failed We noticed unusual activity. Please confirm your password: bit.ly/u941yb,1,17,1,1,0,1,0,0,1.0,0,0,1,0,0,1,0,0,1,0,0,0,0,0,0,0,0,0,0,0,0,0,0,0,1,0,0,0,0,0,0,0,0,0,0,0
bundled_local,Your Package Delivery Failed Confirm receipt of package: bit.ly/f8d83y,1,19,1,1,0,1,0,0,1.0,0,0,1,0,0,1,0,0,1,0,0,0,0,0,0,0,0,0,0,0,0,0,0,0,0,0,0,0,0,0,0,0,0,0,0,0
bundled_local,Meeting Tomorrow at 2PM Attached is the updated project timeline. Please review and provide feedback.,0,7,0,0,0,1,0,0,0.75,0,0,1,0,0,1,0,0,1,0,0,0,0,0,0,0,0,0,0,0,0,0,0,0,0,0,0,0,0,0,0,0,0,0,0,0
bundled_local,Your Package Delivery Failed PayPal security alert. Confirm your information: bit.ly/vvmw21,1,17,0,1,0,1,0,0,1.0,0,0,1,0,0,1,0,0,1,0,0,0,0,0,0,0,0,0,0,0,0,0,0,0,0,0,0,0,0,0,0,0,0,0,0,0
bundled_local,Refund Pending - Claim Now Congratulations! You've won $5000. Claim your prize: bit.ly/tdquq9,1,19,1,1,0,1,0,0,1.0,0,0,1,0,0,1,0,0,1,0,0,0,0,0,0,0,0,0,0,0,0,0,3,0,0,0,0,0,0,0,0,0,0,0,1,0
bundled_local,Refund Pending - Claim Now Amazon detected unauthorized access. Verify your account: bit.ly/ekuehk,1,20,1,1,0,1,0,0,1.0,0,0,1,0,0,1,0,0,1,0,0,0,0,0,0,0,0,0,0,0,0,0,1,1,0,0,0,0,0,0,0,0,0,0,1,0
bundled_local,Action Required: Unusual Activity Detected We noticed unusual activity. Please confirm your password: bit.ly/35wx92,1,17,1,1,0,1,0,0,1.0,0,0,1,0,0,1,0,0,1,0,0,0,0,0,0,0,0,0,0,0,0,0,0,1,1,0,0,0,0,0,0,0,0,0,0,0
bundled_local,Refund Pending - Claim Now Your Microsoft account needs immediate attention: bit.ly/09svb3,1,17,1,1,0,1,0,0,1.0,0,0,1,0,0,1,0,0,1,0,0,0,0,0,0,0,0,0,0,0,0,0,1,0,0,0,0,0,0,0,0,0,0,0,1,0
bundled_local,Annual Leave Request Approved We've improved our security. No action needed from you.,0,11,0,0,0,1,0,0,0.462,0,0,1,0,0,1,0,0,1,0,0,0,0,0,0,0,0,0,0,0,0,0,0,0,0,0,0,0,0,0,0,0,0,0,0,0
bundled_local,Your Package Delivery Failed PayPal security alert. Confirm your information: bit.ly/bnp5a0,1,19,1,1,0,1,0,0,1.0,0,0,1,0,0,1,0,0,1,0,0,0,0,0,0,0,0,0,0,0,0,0,0,0,0,0,0,0,0,0,0,0,0,0,0,0
bundled_local,Urgent: Verify Your Account IRS tax refund ready for pickup. Claim here: bit.ly/dgt8q6,1,23,0,1,0,1,0,0,0.6,0,0,1,0,0,1,0,0,1,0,0,0,0,0,0,0,0,0,0,0,0,0,0,2,0,0,0,0,0,0,0,0,0,0,0,0
bundled_local,New Feature Release Notes We've improved our security. No action needed from you.,0,11,0,0,0,1,0,0,0.4,0,0,1,0,0,1,0,0,1,0,0,0,0,0,0,0,0,0,0,0,0,0,0,0,0,0,0,0,0,0,0,0,0,0,0,0
bundled_local,Bank Security Alert Confirm receipt of package: bit.ly/kc36dm,1,17,1,1,0,1,0,0,1.0,0,0,1,0,0,1,0,0,1,0,0,0,0,0,0,0,0,0,0,0,0,0,0,0,0,0,0,0,0,0,0,0,0,0,0,0
bundled_local,Urgent: Verify Your Account We noticed unusual activity. Please confirm your password: bit.ly/i0b3so,1,23,0,1,0,1,0,0,0.6,0,0,1,0,0,1,0,0,1,0,0,0,0,0,0,0,0,0,0,0,0,0,0,2,1,0,0,0,0,0,0,0,0,0,0,0
bundled_local,"Annual Leave Request Approved Your password has been successfully changed. If this wasn't you, contact support.",0,11,0,0,0,1,0,0,0.375,0,0,1,0,0,1,0,0,1,0,0,0,0,0,0,0,0,0,0,0,0,0,0,0,0,0,0,0,0,0,0,0,0,0,0,0
bundled_local,Update Payment Method Required Your Netflix subscription needs updating: bit.ly/q26fkr,1,23,0,1,0,1,0,0,0.6,0,0,1,0,0,1,0,0,1,0,0,0,0,0,0,0,0,0,0,0,0,0,0,0,0,0,0,0,0,0,0,0,0,0,0,0
bundled_local,Refund Pending - Claim Now Your Netflix subscription needs updating: bit.ly/45jt11,1,23,0,1,0,1,0,0,0.6,0,0,1,0,0,1,0,0,1,0,0,0,0,0,0,0,0,0,0,0,0,0,1,0,0,0,0,0,0,0,0,0,0,0,1,0
bundled_local,Congratulations! You've Won a Prize Congratulations! You've won $5000. Claim your prize: bit.ly/9jszey,1,19,1,1,0,1,0,0,1.0,0,0,1,0,0,1,0,0,1,0,0,0,0,0,0,0,0,0,0,0,0,0,3,0,0,0,0,0,0,0,0,0,0,0,1,0
bundled_local,Action Required: Unusual Activity Detected Your payment method has expired. Update it now: bit.ly/wg1gag,1,23,0,1,0,1,0,0,0.6,0,0,1,0,0,1,0,0,1,0,0,0,0,0,0,0,0,0,0,0,0,0,0,1,0,0,0,0,0,0,0,0,0,0,0,0
bundled_local,Click Here to Confirm Your Password Click here immediately to verify your account before it gets suspended: bit.ly/5n47oc,1,23,0,1,0,1,0,0,0.6,0,0,1,0,0,1,0,0,1,0,0,0,0,0,0,0,0,0,0,0,0,0,0,2,1,0,0,0,0,0,0,0,0,0,0,0
bundled_local,Update Payment Method Required IRS tax refund ready for pickup. Claim here: bit.ly/jln9ku,1,19,1,1,0,1,0,0,1.0,0,0,1,0,0,1,0,0,1,0,0,0,0,0,0,0,0,0,0,0,0,0,0,0,0,0,0,0,0,0,0,0,0,0,0,0
bundled_local,Urgent: Verify Your Account Confirm receipt of package: bit.ly/zonsq7,1,23,0,1,0,1,0,0,0.6,0,0,1,0,0,1,0,0,1,0,0,0,0,0,0,0,0,0,0,0,0,0,0,2,0,0,0,0,0,0,0,0,0,0,0,0
bundled_local,Action Required: Unusual Activity Detected Amazon detected unauthorized access. Verify your account: bit.ly/b3yx03,1,23,0,1,0,1,0,0,0.6,0,0,1,0,0,1,0,0,1,0,0,0,0,0,0,0,0,0,0,0,0,0,0,2,0,0,0,0,0,0,0,0,0,0,0,0
bundled_local,Your Account Has Been Compromised Your payment method has expired. Update it now: bit.ly/0sthlh,1,17,1,1,0,1,0,0,1.0,0,0,1,0,0,1,0,0,1,0,0,0,0,0,0,0,0,0,0,0,0,0,0,0,0,0,0,0,0,0,0,0,0,0,0,0
bundled_local,Your Account Has Been Compromised Your Netflix subscription needs updating: bit.ly/j3ka91,1,17,1,1,0,1,0,0,1.0,0,0,1,0,0,1,0,0,1,0,0,0,0,0,0,0,0,0,0,0,0,0,0,0,0,0,0,0,0,0,0,0,0,0,0,0
bundled_local,Your Package Delivery Failed Click here immediately to verify your account before it gets suspended: bit.ly/bw5hbk,1,17,0,1,0,1,0,0,1.0,0,0,1,0,0,1,0,0,1,0,0,0,0,0,0,0,0,0,0,0,0,0,0,2,0,0,0,0,0,0,0,0,0,0,0,0
bundled_local,Click Here to Confirm Your Password Congratulations! You've won $5000. Claim your prize: bit.ly/p5sdcq,1,17,0,1,0,1,0,0,1.0,0,0,1,0,0,1,0,0,1,0,0,0,0,0,0,0,0,0,0,0,0,0,2,0,1,0,0,0,0,0,0,0,0,0,1,0
bundled_local,Update Payment Method Required Click here immediately to verify your account before it gets suspended: bit.ly/hmbzli,1,17,0,1,0,1,0,0,1.0,0,0,1,0,0,1,0,0,1,0,0,0,0,0,0,0,0,0,0,0,0,0,0,2,0,0,0,0,0,0,0,0,0,0,0,0
bundled_local,Your Account Has Been Compromised Confirm receipt of package: bit.ly/qfklij,1,20,1,1,0,1,0,0,1.0,0,0,1,0,0,1,0,0,1,0,0,0,0,0,0,0,0,0,0,0,0,0,0,0,0,0,0,0,0,0,0,0,0,0,0,0
bundled_local,Bank Security Alert PayPal security alert. Confirm your information: bit.ly/5lp35o,1,17,1,1,0,1,0,0,1.0,0,0,1,0,0,1,0,0,1,0,0,0,0,0,0,0,0,0,0,0,0,0,0,0,0,0,0,0,0,0,0,0,0,0,0,0
bundled_local,Refund Pending - Claim Now IRS tax refund ready for pickup. Claim here: bit.ly/f2xrrn,1,17,0,1,0,1,0,0,1.0,0,0,1,0,0,1,0,0,1,0,0,0,0,0,0,0,0,0,0,0,0,0,1,0,0,0,0,0,0,0,0,0,0,0,1,0
bundled_local,Refund Pending - Claim Now Your Netflix subscription needs updating: bit.ly/u5nqir,1,23,0,1,0,1,0,0,0.6,0,0,1,0,0,1,0,0,1,0,0,0,0,0,0,0,0,0,0,0,0,0,1,0,0,0,0,0,0,0,0,0,0,0,1,0
bundled_local,Your Package Delivery Failed PayPal security alert. Confirm your information: bit.ly/qvcsdl,1,17,1,1,0,1,0,0,1.0,0,0,1,0,0,1,0,0,1,0,0,0,0,0,0,0,0,0,0,0,0,0,0,0,0,0,0,0,0,0,0,0,0,0,0,0
bundled_local,Annual Leave Request Approved The team meeting has been rescheduled to Friday at 3 PM. See you then!,0,13,0,0,0,1,0,0,0.429,0,0,1,0,0,1,0,0,1,0,0,0,0,0,0,0,0,0,0,0,0,0,0,0,0,0,0,0,0,0,0,0,0,0,0,0
bundled_local,Update Payment Method Required Amazon detected unauthorized access. Verify your account: bit.ly/sb6eto,1,20,1,1,0,1,0,0,1.0,0,0,1,0,0,1,0,0,1,0,0,0,0,0,0,0,0,0,0,0,0,0,0,1,0,0,0,0,0,0,0,0,0,0,0,0
bundled_local,Your Account Has Been Compromised Your Microsoft account needs immediate attention: bit.ly/szk3pa,1,17,0,1,0,1,0,0,1.0,0,0,1,0,0,1,0,0,1,0,0,0,0,0,0,0,0,0,0,0,0,0,0,0,0,0,0,0,0,0,0,0,0,0,0,0
bundled_local,Action Required: Unusual Activity Detected PayPal security alert. Confirm your information: bit.ly/egv3jp,1,17,1,1,0,1,0,0,1.0,0,0,1,0,0,1,0,0,1,0,0,0,0,0,0,0,0,0,0,0,0,0,0,1,0,0,0,0,0,0,0,0,0,0,0,0
bundled_local,Click Here to Confirm Your Password Confirm receipt of package: bit.ly/hgib5u,1,17,0,1,0,1,0,0,1.0,0,0,1,0,0,1,0,0,1,0,0,0,0,0,0,0,0,0,0,0,0,0,0,0,1,0,0,0,0,0,0,0,0,0,0,0
bundled_local,Action Required: Unusual Activity Detected Your Microsoft account needs immediate attention: bit.ly/97wlx0,1,19,1,1,0,1,0,0,1.0,0,0,1,0,0,1,0,0,1,0,0,0,0,0,0,0,0,0,0,0,0,0,0,1,0,0,0,0,0,0,0,0,0,0,0,0
bundled_local,Refund Pending - Claim Now Click here immediately to verify your account before it gets suspended: bit.ly/wuz0hf,1,19,1,1,0,1,0,0,1.0,0,0,1,0,0,1,0,0,1,0,0,0,0,0,0,0,0,0,0,0,0,0,1,2,0,0,0,0,0,0,0,0,0,0,1,0
bundled_local,Refund Pending - Claim Now IRS tax refund ready for pickup. Claim here: bit.ly/hzcnlq,1,17,0,1,0,1,0,0,1.0,0,0,1,0,0,1,0,0,1,0,0,0,0,0,0,0,0,0,0,0,0,0,1,0,0,0,0,0,0,0,0,0,0,0,1,0
bundled_local,Your Account Has Been Compromised Congratulations! You've won $5000. Claim your prize: bit.ly/3nc6km,1,17,0,1,0,1,0,0,1.0,0,0,1,0,0,1,0,0,1,0,0,0,0,0,0,0,0,0,0,0,0,0,2,0,0,0,0,0,0,0,0,0,0,0,1,0
bundled_local,Confirm Your Identity Now Your Netflix subscription needs updating: bit.ly/juojhz,1,17,0,1,0,1,0,0,1.0,0,0,1,0,0,1,0,0,1,0,0,0,0,0,0,0,0,0,0,0,0,0,0,1,0,0,0,0,0,0,0,0,0,0,0,0
bundled_local,Click Here to Confirm Your Password Your Microsoft account needs immediate attention: bit.ly/bd16yl,1,20,1,1,0,1,0,0,1.0,0,0,1,0,0,1,0,0,1,0,0,0,0,0,0,0,0,0,0,0,0,0,0,0,1,0,0,0,0,0,0,0,0,0,0,0
bundled_local,Urgent: Verify Your Account Amazon detected unauthorized access. Verify your account: bit.ly/210b5b,1,17,0,1,0,1,0,0,1.0,0,0,1,0,0,1,0,0,1,0,0,0,0,0,0,0,0,0,0,0,0,0,0,3,0,0,0,0,0,0,0,0,0,0,0,0
bundled_local,Password Changed Successfully Your subscription has been renewed. Thank you for your continued support.,0,11,0,0,0,1,0,0,0.462,0,0,1,0,0,1,0,0,1,0,0,0,0,0,0,0,0,0,0,0,0,0,0,0,0,0,0,0,0,0,0,0,0,0,0,0
bundled_local,Bank Security Alert IRS tax refund ready for pickup. Claim here: bit.ly/dqghvi,1,20,1,1,0,1,0,0,1.0,0,0,1,0,0,1,0,0,1,0,0,0,0,0,0,0,0,0,0,0,0,0,0,0,0,0,0,0,0,0,0,0,0,0,0,0
bundled_local,Your Package Delivery Failed Your Netflix subscription needs updating: bit.ly/r66ne7,1,17,0,1,0,1,0,0,1.0,0,0,1,0,0,1,0,0,1,0,0,0,0,0,0,0,0,0,0,0,0,0,0,0,0,0,0,0,0,0,0,0,0,0,0,0
bundled_local,Congratulations! You've Won a Prize Confirm receipt of package: bit.ly/ce4sdi,1,23,0,1,0,1,0,0,0.6,0,0,1,0,0,1,0,0,1,0,0,0,0,0,0,0,0,0,0,0,0,0,1,0,0,0,0,0,0,0,0,0,0,0,1,0
bundled_local,Congratulations! You've Won a Prize Congratulations! You've won $5000. Claim your prize: bit.ly/g2jzbz,1,23,0,1,0,1,0,0,0.6,0,0,1,0,0,1,0,0,1,0,0,0,0,0,0,0,0,0,0,0,0,0,3,0,0,0,0,0,0,0,0,0,0,0,1,0
bundled_local,"Welcome to Our Newsletter Your password has been successfully changed. If this wasn't you, contact support.",0,11,0,0,0,1,0,0,0.4,0,0,1,0,0,1,0,0,1,0,0,0,0,0,0,0,0,0,0,0,0,0,0,0,0,0,0,0,0,0,0,0,0,0,0,0
bundled_local,Confirm Your Identity Now Your Netflix subscription needs updating: bit.ly/2vc0ca,1,20,1,1,0,1,0,0,1.0,0,0,1,0,0,1,0,0,1,0,0,0,0,0,0,0,0,0,0,0,0,0,0,1,0,0,0,0,0,0,0,0,0,0,0,0
bundled_local,Action Required: Unusual Activity Detected PayPal security alert. Confirm your information: bit.ly/1yun2u,1,19,1,1,0,1,0,0,1.0,0,0,1,0,0,1,0,0,1,0,0,0,0,0,0,0,0,0,0,0,0,0,0,1,0,0,0,0,0,0,0,0,0,0,0,0
bundled_local,Your Package Delivery Failed IRS tax refund ready for pickup. Claim here: bit.ly/snb3rn,1,23,0,1,0,1,0,0,0.6,0,0,1,0,0,1,0,0,1,0,0,0,0,0,0,0,0,0,0,0,0,0,0,0,0,0,0,0,0,0,0,0,0,0,0,0
bundled_local,Confirm Your Identity Now Your Netflix subscription needs updating: bit.ly/fs6kty,1,19,1,1,0,1,0,0,1.0,0,0,1,0,0,1,0,0,1,0,0,0,0,0,0,0,0,0,0,0,0,0,0,1,0,0,0,0,0,0,0,0,0,0,0,0
bundled_local,Confirm Your Identity Now Confirm receipt of package: bit.ly/16ws2k,1,19,1,1,0,1,0,0,1.0,0,0,1,0,0,1,0,0,1,0,0,0,0,0,0,0,0,0,0,0,0,0,0,1,0,0,0,0,0,0,0,0,0,0,0,0
bundled_local,Your Account Has Been Compromised PayPal security alert. Confirm your information: bit.ly/gyyrw1,1,17,1,1,0,1,0,0,1.0,0,0,1,0,0,1,0,0,1,0,0,0,0,0,0,0,0,0,0,0,0,0,0,0,0,0,0,0,0,0,0,0,0,0,0,0
bundled_local,Urgent: Verify Your Account Confirm receipt of package: bit.ly/7omk97,1,23,0,1,0,1,0,0,0.6,0,0,1,0,0,1,0,0,1,0,0,0,0,0,0,0,0,0,0,0,0,0,0,2,0,0,0,0,0,0,0,0,0,0,0,0
bundled_local,Action Required: Unusual Activity Detected Your payment method has expired. Update it now: bit.ly/81vcsf,1,17,0,1,0,1,0,0,1.0,0,0,1,0,0,1,0,0,1,0,0,0,0,0,0,0,0,0,0,0,0,0,0,1,0,0,0,0,0,0,0,0,0,0,0,0
bundled_local,Bank Security Alert Confirm receipt of package: bit.ly/6g4j5n,1,17,1,1,0,1,0,0,1.0,0,0,1,0,0,1,0,0,1,0,0,0,0,0,0,0,0,0,0,0,0,0,0,0,0,0,0,0,0,0,0,0,0,0,0,0
bundled_local,Click Here to Confirm Your Password We noticed unusual activity. Please confirm your password: bit.ly/12u13u,1,17,1,1,0,1,0,0,1.0,0,0,1,0,0,1,0,0,1,0,0,0,0,0,0,0,0,0,0,0,0,0,0,0,2,0,0,0,0,0,0,0,0,0,0,0
bundled_local,Bank Security Alert Amazon detected unauthorized access. Verify your account: bit.ly/g0qwhb,1,17,1,1,0,1,0,0,1.0,0,0,1,0,0,1,0,0,1,0,0,0,0,0,0,0,0,0,0,0,0,0,0,1,0,0,0,0,0,0,0,0,0,0,0,0
bundled_local,Click Here to Confirm Your Password Your Netflix subscription needs updating: bit.ly/utia37,1,23,0,1,0,1,0,0,0.6,0,0,1,0,0,1,0,0,1,0,0,0,0,0,0,0,0,0,0,0,0,0,0,0,1,0,0,0,0,0,0,0,0,0,0,0
bundled_local,Update Payment Method Required Click here immediately to verify your account before it gets suspended: bit.ly/6l2dax,1,17,1,1,0,1,0,0,1.0,0,0,1,0,0,1,0,0,1,0,0,0,0,0,0,0,0,0,0,0,0,0,0,2,0,0,0,0,0,0,0,0,0,0,0,0
bundled_local,Confirm Your Identity Now Confirm receipt of package: bit.ly/8d4yys,1,20,1,1,0,1,0,0,1.0,0,0,1,0,0,1,0,0,1,0,0,0,0,0,0,0,0,0,0,0,0,0,0,1,0,0,0,0,0,0,0,0,0,0,0,0
bundled_local,Bank Security Alert PayPal security alert. Confirm your information: bit.ly/tdkzwi,1,20,1,1,0,1,0,0,1.0,0,0,1,0,0,1,0,0,1,0,0,0,0,0,0,0,0,0,0,0,0,0,0,0,0,0,0,0,0,0,0,0,0,0,0,0
bundled_local,Update Payment Method Required IRS tax refund ready for pickup. Claim here: bit.ly/gmwcrc,1,20,1,1,0,1,0,0,1.0,0,0,1,0,0,1,0,0,1,0,0,0,0,0,0,0,0,0,0,0,0,0,0,0,0,0,0,0,0,0,0,0,0,0,0,0
bundled_local,Your Package Delivery Failed IRS tax refund ready for pickup. Claim here: bit.ly/8w9xr6,1,19,1,1,0,1,0,0,1.0,0,0,1,0,0,1,0,0,1,0,0,0,0,0,0,0,0,0,0,0,0,0,0,0,0,0,0,0,0,0,0,0,0,0,0,0
bundled_local,Meeting Tomorrow at 2PM Thank you for your order! Your item will be shipped within 2 business days.,0,11,0,0,0,1,0,0,0.462,0,0,1,0,0,1,0,0,1,0,0,0,0,0,0,0,0,0,0,0,0,0,0,0,0,0,0,0,0,0,0,0,0,0,0,0
bundled_local,Confirm Your Identity Now Confirm receipt of package: bit.ly/8ms25s,1,17,0,1,0,1,0,0,1.0,0,0,1,0,0,1,0,0,1,0,0,0,0,0,0,0,0,0,0,0,0,0,0,1,0,0,0,0,0,0,0,0,0,0,0,0
bundled_local,Your Account Has Been Compromised Click here immediately to verify your account before it gets suspended: bit.ly/qepnhp,1,17,1,1,0,1,0,0,1.0,0,0,1,0,0,1,0,0,1,0,0,0,0,0,0,0,0,0,0,0,0,0,0,2,0,0,0,0,0,0,0,0,0,0,0,0
bundled_local,Refund Pending - Claim Now Your Netflix subscription needs updating: bit.ly/afcwqi,1,23,0,1,0,1,0,0,0.6,0,0,1,0,0,1,0,0,1,0,0,0,0,0,0,0,0,0,0,0,0,0,1,0,0,0,0,0,0,0,0,0,0,0,1,0
bundled_local,Congratulations! You've Won a Prize Amazon detected unauthorized access. Verify your account: bit.ly/y4bbcr,1,17,0,1,0,1,0,0,1.0,0,0,1,0,0,1,0,0,1,0,0,0,0,0,0,0,0,0,0,0,0,0,1,1,0,0,0,0,0,0,0,0,0,0,1,0
bundled_local,Urgent: Verify Your Account IRS tax refund ready for pickup. Claim here: bit.ly/z916js,1,19,1,1,0,1,0,0,1.0,0,0,1,0,0,1,0,0,1,0,0,0,0,0,0,0,0,0,0,0,0,0,0,2,0,0,0,0,0,0,0,0,0,0,0,0
bundled_local,Congratulations! You've Won a Prize PayPal security alert. Confirm your information: bit.ly/4e5ii4,1,23,0,1,0,1,0,0,0.6,0,0,1,0,0,1,0,0,1,0,0,0,0,0,0,0,0,0,0,0,0,0,1,0,0,0,0,0,0,0,0,0,0,0,1,0
bundled_local,Annual Leave Request Approved Attached is the updated project timeline. Please review and provide feedback.,0,9,0,0,0,1,0,0,0.364,0,0,1,0,0,1,0,0,1,0,0,0,0,0,0,0,0,0,0,0,0,0,0,0,0,0,0,0,0,0,0,0,0,0,0,0
bundled_local,Action Required: Unusual Activity Detected Your Netflix subscription needs updating: bit.ly/5l2iri,1,23,0,1,0,1,0,0,0.6,0,0,1,0,0,1,0,0,1,0,0,0,0,0,0,0,0,0,0,0,0,0,0,1,0,0,0,0,0,0,0,0,0,0,0,0
bundled_local,Click Here to Confirm Your Password Confirm receipt of package: bit.ly/fxgplt,1,19,1,1,0,1,0,0,1.0,0,0,1,0,0,1,0,0,1,0,0,0,0,0,0,0,0,0,0,0,0,0,0,0,1,0,0,0,0,0,0,0,0,0,0,0
bundled_local,Action Required: Unusual Activity Detected PayPal security alert. Confirm your information: bit.ly/s1obr0,1,23,0,1,0,1,0,0,0.6,0,0,1,0,0,1,0,0,1,0,0,0,0,0,0,0,0,0,0,0,0,0,0,1,0,0,0,0,0,0,0,0,0,0,0,0
bundled_local,"Project Update - Q3 Results Hi, just wanted to follow up on our discussion. Looking forward to the meeting tomorrow.",0,11,0,0,0,1,0,0,0.462,0,0,1,0,0,1,0,0,1,0,0,0,0,0,0,0,0,0,0,0,0,0,0,0,0,0,0,0,0,0,0,0,0,0,0,0
bundled_local,Congratulations! You've Won a Prize We noticed unusual activity. Please confirm your password: bit.ly/uhkw04,1,23,0,1,0,1,0,0,0.6,0,0,1,0,0,1,0,0,1,0,0,0,0,0,0,0,0,0,0,0,0,0,1,0,1,0,0,0,0,0,0,0,0,0,1,0
bundled_local,Update Payment Method Required Your Netflix subscription needs updating: bit.ly/lzgrcq,1,20,1,1,0,1,0,0,1.0,0,0,1,0,0,1,0,0,1,0,0,0,0,0,0,0,0,0,0,0,0,0,0,0,0,0,0,0,0,0,0,0,0,0,0,0
bundled_local,Your Account Has Been Compromised Your Netflix subscription needs updating: bit.ly/vby5hv,1,19,1,1,0,1,0,0,1.0,0,0,1,0,0,1,0,0,1,0,0,0,0,0,0,0,0,0,0,0,0,0,0,0,0,0,0,0,0,0,0,0,0,0,0,0
bundled_local,Action Required: Unusual Activity Detected Your Netflix subscription needs updating: bit.ly/15vt72,1,19,1,1,0,1,0,0,1.0,0,0,1,0,0,1,0,0,1,0,0,0,0,0,0,0,0,0,0,0,0,0,0,1,0,0,0,0,0,0,0,0,0,0,0,0
bundled_local,Confirm Your Identity Now Your Netflix subscription needs updating: bit.ly/zamft1,1,19,1,1,0,1,0,0,1.0,0,0,1,0,0,1,0,0,1,0,0,0,0,0,0,0,0,0,0,0,0,0,0,1,0,0,0,0,0,0,0,0,0,0,0,0
bundled_local,Update Payment Method Required Congratulations! You've won $5000. Claim your prize: bit.ly/ue9m17,1,23,0,1,0,1,0,0,0.6,0,0,1,0,0,1,0,0,1,0,0,0,0,0,0,0,0,0,0,0,0,0,2,0,0,0,0,0,0,0,0,0,0,0,1,0
bundled_local,Confirm Your Identity Now We noticed unusual activity. Please confirm your password: bit.ly/ucomyv,1,20,1,1,0,1,0,0,1.0,0,0,1,0,0,1,0,0,1,0,0,0,0,0,0,0,0,0,0,0,0,0,0,1,1,0,0,0,0,0,0,0,0,0,0,0
bundled_local,Bank Security Alert We noticed unusual activity. Please confirm your password: bit.ly/7lslty,1,23,0,1,0,1,0,0,0.6,0,0,1,0,0,1,0,0,1,0,0,0,0,0,0,0,0,0,0,0,0,0,0,0,1,0,0,0,0,0,0,0,0,0,0,0
bundled_local,Your Account Has Been Compromised Confirm receipt of package: bit.ly/yq1mzy,1,20,1,1,0,1,0,0,1.0,0,0,1,0,0,1,0,0,1,0,0,0,0,0,0,0,0,0,0,0,0,0,0,0,0,0,0,0,0,0,0,0,0,0,0,0
bundled_local,Refund Pending - Claim Now PayPal security alert. Confirm your information: bit.ly/995659,1,23,0,1,0,1,0,0,0.6,0,0,1,0,0,1,0,0,1,0,0,0,0,0,0,0,0,0,0,0,0,0,1,0,0,0,0,0,0,0,0,0,0,0,1,0
bundled_local,Update Payment Method Required Amazon detected unauthorized access. Verify your account: bit.ly/7rlct8,1,23,0,1,0,1,0,0,0.6,0,0,1,0,0,1,0,0,1,0,0,0,0,0,0,0,0,0,0,0,0,0,0,1,0,0,0,0,0,0,0,0,0,0,0,0
bundled_local,Click Here to Confirm Your Password We noticed unusual activity. Please confirm your password: bit.ly/0uuqsx,1,23,0,1,0,1,0,0,0.6,0,0,1,0,0,1,0,0,1,0,0,0,0,0,0,0,0,0,0,0,0,0,0,0,2,0,0,0,0,0,0,0,0,0,0,0
bundled_local,Team Lunch This Friday Here's the monthly report with our latest metrics and performance analysis.,0,11,0,0,0,1,0,0,0.462,0,0,1,0,0,1,0,0,1,0,0,0,0,0,0,0,0,0,0,0,0,0,0,0,0,0,0,0,0,0,0,0,0,0,0,0
bundled_local,Your Account Has Been Compromised Amazon detected unauthorized access. Verify your account: bit.ly/1yob7x,1,17,0,1,0,1,0,0,1.0,0,0,1,0,0,1,0,0,1,0,0,0,0,0,0,0,0,0,0,0,0,0,0,1,0,0,0,0,0,0,0,0,0,0,0,0
bundled_local,Congratulations! You've Won a Prize We noticed unusual activity. Please confirm your password: bit.ly/j64zey,1,17,1,1,0,1,0,0,1.0,0,0,1,0,0,1,0,0,1,0,0,0,0,0,0,0,0,0,0,0,0,0,1,0,1,0,0,0,0,0,0,0,0,0,1,0
bundled_local,Congratulations! You've Won a Prize IRS tax refund ready for pickup. Claim here: bit.ly/r3bzi8,1,17,0,1,0,1,0,0,1.0,0,0,1,0,0,1,0,0,1,0,0,0,0,0,0,0,0,0,0,0,0,0,1,0,0,0,0,0,0,0,0,0,0,0,1,0
bundled_local,Your Package Delivery Failed Congratulations! You've won $5000. Claim your prize: bit.ly/jbu2iw,1,17,0,1,0,1,0,0,1.0,0,0,1,0,0,1,0,0,1,0,0,0,0,0,0,0,0,0,0,0,0,0,2,0,0,0,0,0,0,0,0,0,0,0,1,0
bundled_local,Urgent: Verify Your Account Confirm receipt of package: bit.ly/p4agnu,1,17,1,1,0,1,0,0,1.0,0,0,1,0,0,1,0,0,1,0,0,0,0,0,0,0,0,0,0,0,0,0,0,2,0,0,0,0,0,0,0,0,0,0,0,0
bundled_local,Your Account Has Been Compromised PayPal security alert. Confirm your information: bit.ly/qmqw8w,1,23,0,1,0,1,0,0,0.6,0,0,1,0,0,1,0,0,1,0,0,0,0,0,0,0,0,0,0,0,0,0,0,0,0,0,0,0,0,0,0,0,0,0,0,0
bundled_local,Congratulations! You've Won a Prize Your Netflix subscription needs updating: bit.ly/7x4w3p,1,17,1,1,0,1,0,0,1.0,0,0,1,0,0,1,0,0,1,0,0,0,0,0,0,0,0,0,0,0,0,0,1,0,0,0,0,0,0,0,0,0,0,0,1,0
bundled_local,Confirm Your Identity Now Amazon detected unauthorized access. Verify your account: bit.ly/b3rf0z,1,20,1,1,0,1,0,0,1.0,0,0,1,0,0,1,0,0,1,0,0,0,0,0,0,0,0,0,0,0,0,0,0,2,0,0,0,0,0,0,0,0,0,0,0,0
bundled_local,Your Package Delivery Failed Your Netflix subscription needs updating: bit.ly/7sz2sk,1,19,1,1,0,1,0,0,1.0,0,0,1,0,0,1,0,0,1,0,0,0,0,0,0,0,0,0,0,0,0,0,0,0,0,0,0,0,0,0,0,0,0,0,0,0
bundled_local,Update Payment Method Required Confirm receipt of package: bit.ly/wsuu6w,1,19,1,1,0,1,0,0,1.0,0,0,1,0,0,1,0,0,1,0,0,0,0,0,0,0,0,0,0,0,0,0,0,0,0,0,0,0,0,0,0,0,0,0,0,0
bundled_local,Congratulations! You've Won a Prize Confirm receipt of package: bit.ly/hbfenj,1,19,1,1,0,1,0,0,1.0,0,0,1,0,0,1,0,0,1,0,0,0,0,0,0,0,0,0,0,0,0,0,1,0,0,0,0,0,0,0,0,0,0,0,1,0
bundled_local,Your Account Has Been Compromised IRS tax refund ready for pickup. Claim here: bit.ly/n8mrxg,1,17,1,1,0,1,0,0,1.0,0,0,1,0,0,1,0,0,1,0,0,0,0,0,0,0,0,0,0,0,0,0,0,0,0,0,0,0,0,0,0,0,0,0,0,0
bundled_local,Congratulations! You've Won a Prize Confirm receipt of package: bit.ly/dfinim,1,17,1,1,0,1,0,0,1.0,0,0,1,0,0,1,0,0,1,0,0,0,0,0,0,0,0,0,0,0,0,0,1,0,0,0,0,0,0,0,0,0,0,0,1,0
bundled_local,Urgent: Verify Your Account Your Microsoft account needs immediate attention: bit.ly/bw0hs3,1,17,1,1,0,1,0,0,1.0,0,0,1,0,0,1,0,0,1,0,0,0,0,0,0,0,0,0,0,0,0,0,0,2,0,0,0,0,0,0,0,0,0,0,0,0
bundled_local,Urgent: Verify Your Account Confirm receipt of package: bit.ly/jrme11,1,23,0,1,0,1,0,0,0.6,0,0,1,0,0,1,0,0,1,0,0,0,0,0,0,0,0,0,0,0,0,0,0,2,0,0,0,0,0,0,0,0,0,0,0,0
bundled_local,Your Account Has Been Compromised Your payment method has expired. Update it now: bit.ly/y3nsvg,1,23,0,1,0,1,0,0,0.6,0,0,1,0,0,1,0,0,1,0,0,0,0,0,0,0,0,0,0,0,0,0,0,0,0,0,0,0,0,0,0,0,0,0,0,0
bundled_local,Your Account Has Been Compromised Congratulations! You've won $5000. Claim your prize: bit.ly/4pxp39,1,23,0,1,0,1,0,0,0.6,0,0,1,0,0,1,0,0,1,0,0,0,0,0,0,0,0,0,0,0,0,0,2,0,0,0,0,0,0,0,0,0,0,0,1,0
bundled_local,Refund Pending - Claim Now Your payment method has expired. Update it now: bit.ly/x4dn7x,1,20,1,1,0,1,0,0,1.0,0,0,1,0,0,1,0,0,1,0,0,0,0,0,0,0,0,0,0,0,0,0,1,0,0,0,0,0,0,0,0,0,0,0,1,0
bundled_local,Urgent: Verify Your Account Amazon detected unauthorized access. Verify your account: bit.ly/iij6rf,1,17,0,1,0,1,0,0,1.0,0,0,1,0,0,1,0,0,1,0,0,0,0,0,0,0,0,0,0,0,0,0,0,3,0,0,0,0,0,0,0,0,0,0,0,0
bundled_local,Bank Security Alert Click here immediately to verify your account before it gets suspended: bit.ly/k8ihw8,1,23,0,1,0,1,0,0,0.6,0,0,1,0,0,1,0,0,1,0,0,0,0,0,0,0,0,0,0,0,0,0,0,2,0,0,0,0,0,0,0,0,0,0,0,0
bundled_local,Update Payment Method Required Amazon detected unauthorized access. Verify your account: bit.ly/l6x1p7,1,23,0,1,0,1,0,0,0.6,0,0,1,0,0,1,0,0,1,0,0,0,0,0,0,0,0,0,0,0,0,0,0,1,0,0,0,0,0,0,0,0,0,0,0,0
bundled_local,Bank Security Alert Amazon detected unauthorized access. Verify your account: bit.ly/m5g0fa,1,20,1,1,0,1,0,0,1.0,0,0,1,0,0,1,0,0,1,0,0,0,0,0,0,0,0,0,0,0,0,0,0,1,0,0,0,0,0,0,0,0,0,0,0,0
bundled_local,Confirm Your Identity Now Your Microsoft account needs immediate attention: bit.ly/rgv5j2,1,19,1,1,0,1,0,0,1.0,0,0,1,0,0,1,0,0,1,0,0,0,0,0,0,0,0,0,0,0,0,0,0,1,0,0,0,0,0,0,0,0,0,0,0,0
bundled_local,Your Account Has Been Compromised Your Netflix subscription needs updating: bit.ly/wqytcx,1,20,1,1,0,1,0,0,1.0,0,0,1,0,0,1,0,0,1,0,0,0,0,0,0,0,0,0,0,0,0,0,0,0,0,0,0,0,0,0,0,0,0,0,0,0
bundled_local,Action Required: Unusual Activity Detected Amazon detected unauthorized access. Verify your account: bit.ly/ktoen3,1,17,1,1,0,1,0,0,1.0,0,0,1,0,0,1,0,0,1,0,0,0,0,0,0,0,0,0,0,0,0,0,0,2,0,0,0,0,0,0,0,0,0,0,0,0
bundled_local,Click Here to Confirm Your Password PayPal security alert. Confirm your information: bit.ly/ivzf3c,1,17,1,1,0,1,0,0,1.0,0,0,1,0,0,1,0,0,1,0,0,0,0,0,0,0,0,0,0,0,0,0,0,0,1,0,0,0,0,0,0,0,0,0,0,0
bundled_local,Urgent: Verify Your Account We noticed unusual activity. Please confirm your password: bit.ly/o3aoo1,1,17,1,1,0,1,0,0,1.0,0,0,1,0,0,1,0,0,1,0,0,0,0,0,0,0,0,0,0,0,0,0,0,2,1,0,0,0,0,0,0,0,0,0,0,0
bundled_local,Your Account Has Been Compromised Confirm receipt of package: bit.ly/r7w65r,1,20,1,1,0,1,0,0,1.0,0,0,1,0,0,1,0,0,1,0,0,0,0,0,0,0,0,0,0,0,0,0,0,0,0,0,0,0,0,0,0,0,0,0,0,0
bundled_local,Update Payment Method Required Congratulations! You've won $5000. Claim your prize: bit.ly/93wjjz,1,20,1,1,0,1,0,0,1.0,0,0,1,0,0,1,0,0,1,0,0,0,0,0,0,0,0,0,0,0,0,0,2,0,0,0,0,0,0,0,0,0,0,0,1,0
bundled_local,Congratulations! You've Won a Prize Your Microsoft account needs immediate attention: bit.ly/yb0fik,1,23,0,1,0,1,0,0,0.6,0,0,1,0,0,1,0,0,1,0,0,0,0,0,0,0,0,0,0,0,0,0,1,0,0,0,0,0,0,0,0,0,0,0,1,0
bundled_local,Update Payment Method Required Congratulations! You've won $5000. Claim your prize: bit.ly/9re4ye,1,23,0,1,0,1,0,0,0.6,0,0,1,0,0,1,0,0,1,0,0,0,0,0,0,0,0,0,0,0,0,0,2,0,0,0,0,0,0,0,0,0,0,0,1,0
bundled_local,Confirm Your Identity Now Your payment method has expired. Update it now: bit.ly/49p5ru,1,17,1,1,0,1,0,0,1.0,0,0,1,0,0,1,0,0,1,0,0,0,0,0,0,0,0,0,0,0,0,0,0,1,0,0,0,0,0,0,0,0,0,0,0,0
bundled_local,Your Account Has Been Compromised Congratulations! You've won $5000. Claim your prize: bit.ly/m62bbl,1,20,1,1,0,1,0,0,1.0,0,0,1,0,0,1,0,0,1,0,0,0,0,0,0,0,0,0,0,0,0,0,2,0,0,0,0,0,0,0,0,0,0,0,1,0
bundled_local,Your Account Has Been Compromised Amazon detected unauthorized access. Verify your account: bit.ly/bjtd67,1,19,1,1,0,1,0,0,1.0,0,0,1,0,0,1,0,0,1,0,0,0,0,0,0,0,0,0,0,0,0,0,0,1,0,0,0,0,0,0,0,0,0,0,0,0
bundled_local,Click Here to Confirm Your Password PayPal security alert. Confirm your information: bit.ly/wlzhl9,1,23,0,1,0,1,0,0,0.6,0,0,1,0,0,1,0,0,1,0,0,0,0,0,0,0,0,0,0,0,0,0,0,0,1,0,0,0,0,0,0,0,0,0,0,0
bundled_local,Bank Security Alert We noticed unusual activity. Please confirm your password: bit.ly/afz0g3,1,20,1,1,0,1,0,0,1.0,0,0,1,0,0,1,0,0,1,0,0,0,0,0,0,0,0,0,0,0,0,0,0,0,1,0,0,0,0,0,0,0,0,0,0,0
bundled_local,Refund Pending - Claim Now Congratulations! You've won $5000. Claim your prize: bit.ly/age50p,1,20,1,1,0,1,0,0,1.0,0,0,1,0,0,1,0,0,1,0,0,0,0,0,0,0,0,0,0,0,0,0,3,0,0,0,0,0,0,0,0,0,0,0,1,0
bundled_local,Update Payment Method Required Amazon detected unauthorized access. Verify your account: bit.ly/pioonj,1,17,1,1,0,1,0,0,1.0,0,0,1,0,0,1,0,0,1,0,0,0,0,0,0,0,0,0,0,0,0,0,0,1,0,0,0,0,0,0,0,0,0,0,0,0
bundled_local,Bank Security Alert Amazon detected unauthorized access. Verify your account: bit.ly/2qbwc8,1,19,1,1,0,1,0,0,1.0,0,0,1,0,0,1,0,0,1,0,0,0,0,0,0,0,0,0,0,0,0,0,0,1,0,0,0,0,0,0,0,0,0,0,0,0
bundled_local,Refund Pending - Claim Now Amazon detected unauthorized access. Verify your account: bit.ly/012csp,1,17,0,1,0,1,0,0,1.0,0,0,1,0,0,1,0,0,1,0,0,0,0,0,0,0,0,0,0,0,0,0,1,1,0,0,0,0,0,0,0,0,0,0,1,0
bundled_local,Update Payment Method Required IRS tax refund ready for pickup. Claim here: bit.ly/njjd52,1,17,1,1,0,1,0,0,1.0,0,0,1,0,0,1,0,0,1,0,0,0,0,0,0,0,0,0,0,0,0,0,0,0,0,0,0,0,0,0,0,0,0,0,0,0
bundled_local,Action Required: Unusual Activity Detected Amazon detected unauthorized access. Verify your account: bit.ly/y5zhmy,1,19,1,1,0,1,0,0,1.0,0,0,1,0,0,1,0,0,1,0,0,0,0,0,0,0,0,0,0,0,0,0,0,2,0,0,0,0,0,0,0,0,0,0,0,0
bundled_local,Click Here to Confirm Your Password Your payment method has expired. Update it now: bit.ly/4i4b5u,1,17,0,1,0,1,0,0,1.0,0,0,1,0,0,1,0,0,1,0,0,0,0,0,0,0,0,0,0,0,0,0,0,0,1,0,0,0,0,0,0,0,0,0,0,0
bundled_local,Urgent: Verify Your Account Click here immediately to verify your account before it gets suspended: bit.ly/utij2g,1,19,1,1,0,1,0,0,1.0,0,0,1,0,0,1,0,0,1,0,0,0,0,0,0,0,0,0,0,0,0,0,0,4,0,0,0,0,0,0,0,0,0,0,0,0
bundled_local,Update Payment Method Required Your Microsoft account needs immediate attention: bit.ly/9syuqn,1,17,0,1,0,1,0,0,1.0,0,0,1,0,0,1,0,0,1,0,0,0,0,0,0,0,0,0,0,0,0,0,0,0,0,0,0,0,0,0,0,0,0,0,0,0
bundled_local,Bank Security Alert We noticed unusual activity. Please confirm your password: bit.ly/tgqvro,1,23,0,1,0,1,0,0,0.6,0,0,1,0,0,1,0,0,1,0,0,0,0,0,0,0,0,0,0,0,0,0,0,0,1,0,0,0,0,0,0,0,0,0,0,0
bundled_local,Refund Pending - Claim Now Amazon detected unauthorized access. Verify your account: bit.ly/qhvs3o,1,17,0,1,0,1,0,0,1.0,0,0,1,0,0,1,0,0,1,0,0,0,0,0,0,0,0,0,0,0,0,0,1,1,0,0,0,0,0,0,0,0,0,0,1,0
bundled_local,Your Package Delivery Failed We noticed unusual activity. Please confirm your password: bit.ly/hq6wga,1,17,1,1,0,1,0,0,1.0,0,0,1,0,0,1,0,0,1,0,0,0,0,0,0,0,0,0,0,0,0,0,0,0,1,0,0,0,0,0,0,0,0,0,0,0
bundled_local,Congratulations! You've Won a Prize Your Microsoft account needs immediate attention: bit.ly/5lr2c7,1,17,1,1,0,1,0,0,1.0,0,0,1,0,0,1,0,0,1,0,0,0,0,0,0,0,0,0,0,0,0,0,1,0,0,0,0,0,0,0,0,0,0,0,1,0
bundled_local,Action Required: Unusual Activity Detected We noticed unusual activity. Please confirm your password: bit.ly/vvzmnc,1,17,1,1,0,1,0,0,1.0,0,0,1,0,0,1,0,0,1,0,0,0,0,0,0,0,0,0,0,0,0,0,0,1,1,0,0,0,0,0,0,0,0,0,0,0
bundled_local,Action Required: Unusual Activity Detected We noticed unusual activity. Please confirm your password: bit.ly/yndg5k,1,20,1,1,0,1,0,0,1.0,0,0,1,0,0,1,0,0,1,0,0,0,0,0,0,0,0,0,0,0,0,0,0,1,1,0,0,0,0,0,0,0,0,0,0,0
bundled_local,Bank Security Alert Confirm receipt of package: bit.ly/c4p3ob,1,23,0,1,0,1,0,0,0.6,0,0,1,0,0,1,0,0,1,0,0,0,0,0,0,0,0,0,0,0,0,0,0,0,0,0,0,0,0,0,0,0,0,0,0,0
bundled_local,Congratulations! You've Won a Prize PayPal security alert. Confirm your information: bit.ly/1qy2xv,1,23,0,1,0,1,0,0,0.6,0,0,1,0,0,1,0,0,1,0,0,0,0,0,0,0,0,0,0,0,0,0,1,0,0,0,0,0,0,0,0,0,0,0,1,0
bundled_local,"Annual Leave Request Approved Hi, just wanted to follow up on our discussion. Looking forward to the meeting tomorrow.",0,13,0,0,0,1,0,0,0.429,0,0,1,0,0,1,0,0,1,0,0,0,0,0,0,0,0,0,0,0,0,0,0,0,0,0,0,0,0,0,0,0,0,0,0,0
bundled_local,Your Package Delivery Failed Congratulations! You've won $5000. Claim your prize: bit.ly/0vq64r,1,19,1,1,0,1,0,0,1.0,0,0,1,0,0,1,0,0,1,0,0,0,0,0,0,0,0,0,0,0,0,0,2,0,0,0,0,0,0,0,0,0,0,0,1,0
bundled_local,Update Payment Method Required Click here immediately to verify your account before it gets suspended: bit.ly/re8ses,1,19,1,1,0,1,0,0,1.0,0,0,1,0,0,1,0,0,1,0,0,0,0,0,0,0,0,0,0,0,0,0,0,2,0,0,0,0,0,0,0,0,0,0,0,0
bundled_local,Update Payment Method Required Amazon detected unauthorized access. Verify your account: bit.ly/v2a4ab,1,17,1,1,0,1,0,0,1.0,0,0,1,0,0,1,0,0,1,0,0,0,0,0,0,0,0,0,0,0,0,0,0,1,0,0,0,0,0,0,0,0,0,0,0,0
bundled_local,Your Package Delivery Failed Your Microsoft account needs immediate attention: bit.ly/omw4fg,1,19,1,1,0,1,0,0,1.0,0,0,1,0,0,1,0,0,1,0,0,0,0,0,0,0,0,0,0,0,0,0,0,0,0,0,0,0,0,0,0,0,0,0,0,0
bundled_local,Confirm Your Identity Now Your Microsoft account needs immediate attention: bit.ly/720cop,1,23,0,1,0,1,0,0,0.6,0,0,1,0,0,1,0,0,1,0,0,0,0,0,0,0,0,0,0,0,0,0,0,1,0,0,0,0,0,0,0,0,0,0,0,0
bundled_local,Urgent: Verify Your Account Amazon detected unauthorized access. Verify your account: bit.ly/189gnl,1,20,1,1,0,1,0,0,1.0,0,0,1,0,0,1,0,0,1,0,0,0,0,0,0,0,0,0,0,0,0,0,0,3,0,0,0,0,0,0,0,0,0,0,0,0
bundled_local,Bank Security Alert Amazon detected unauthorized access. Verify your account: bit.ly/fythrf,1,23,0,1,0,1,0,0,0.6,0,0,1,0,0,1,0,0,1,0,0,0,0,0,0,0,0,0,0,0,0,0,0,1,0,0,0,0,0,0,0,0,0,0,0,0
bundled_local,Congratulations! You've Won a Prize Your Microsoft account needs immediate attention: bit.ly/omfkk8,1,23,0,1,0,1,0,0,0.6,0,0,1,0,0,1,0,0,1,0,0,0,0,0,0,0,0,0,0,0,0,0,1,0,0,0,0,0,0,0,0,0,0,0,1,0
bundled_local,Update Payment Method Required Congratulations! You've won $5000. Claim your prize: bit.ly/99yvo6,1,19,1,1,0,1,0,0,1.0,0,0,1,0,0,1,0,0,1,0,0,0,0,0,0,0,0,0,0,0,0,0,2,0,0,0,0,0,0,0,0,0,0,0,1,0
bundled_local,Urgent: Verify Your Account IRS tax refund ready for pickup. Claim here: bit.ly/uyfn8s,1,17,0,1,0,1,0,0,1.0,0,0,1,0,0,1,0,0,1,0,0,0,0,0,0,0,0,0,0,0,0,0,0,2,0,0,0,0,0,0,0,0,0,0,0,0
bundled_local,Click Here to Confirm Your Password Your Microsoft account needs immediate attention: bit.ly/nge2k8,1,17,0,1,0,1,0,0,1.0,0,0,1,0,0,1,0,0,1,0,0,0,0,0,0,0,0,0,0,0,0,0,0,0,1,0,0,0,0,0,0,0,0,0,0,0
bundled_local,Click Here to Confirm Your Password IRS tax refund ready for pickup. Claim here: bit.ly/eaxier,1,23,0,1,0,1,0,0,0.6,0,0,1,0,0,1,0,0,1,0,0,0,0,0,0,0,0,0,0,0,0,0,0,0,1,0,0,0,0,0,0,0,0,0,0,0
bundled_local,Click Here to Confirm Your Password Your payment method has expired. Update it now: bit.ly/3nvfmw,1,23,0,1,0,1,0,0,0.6,0,0,1,0,0,1,0,0,1,0,0,0,0,0,0,0,0,0,0,0,0,0,0,0,1,0,0,0,0,0,0,0,0,0,0,0
bundled_local,Action Required: Unusual Activity Detected Your Netflix subscription needs updating: bit.ly/0tde34,1,19,1,1,0,1,0,0,1.0,0,0,1,0,0,1,0,0,1,0,0,0,0,0,0,0,0,0,0,0,0,0,0,1,0,0,0,0,0,0,0,0,0,0,0,0
bundled_local,Confirm Your Identity Now Your Microsoft account needs immediate attention: bit.ly/9mfzw7,1,19,1,1,0,1,0,0,1.0,0,0,1,0,0,1,0,0,1,0,0,0,0,0,0,0,0,0,0,0,0,0,0,1,0,0,0,0,0,0,0,0,0,0,0,0
bundled_local,Congratulations! You've Won a Prize PayPal security alert. Confirm your information: bit.ly/dvpxmo,1,17,0,1,0,1,0,0,1.0,0,0,1,0,0,1,0,0,1,0,0,0,0,0,0,0,0,0,0,0,0,0,1,0,0,0,0,0,0,0,0,0,0,0,1,0
bundled_local,Update Payment Method Required Click here immediately to verify your account before it gets suspended: bit.ly/cxrg8o,1,17,0,1,0,1,0,0,1.0,0,0,1,0,0,1,0,0,1,0,0,0,0,0,0,0,0,0,0,0,0,0,0,2,0,0,0,0,0,0,0,0,0,0,0,0
bundled_local,Your Package Delivery Failed Your payment method has expired. Update it now: bit.ly/e84rhs,1,19,1,1,0,1,0,0,1.0,0,0,1,0,0,1,0,0,1,0,0,0,0,0,0,0,0,0,0,0,0,0,0,0,0,0,0,0,0,0,0,0,0,0,0,0
bundled_local,Congratulations! You've Won a Prize We noticed unusual activity. Please confirm your password: bit.ly/deyv8m,1,23,0,1,0,1,0,0,0.6,0,0,1,0,0,1,0,0,1,0,0,0,0,0,0,0,0,0,0,0,0,0,1,0,1,0,0,0,0,0,0,0,0,0,1,0
bundled_local,Your Package Delivery Failed Congratulations! You've won $5000. Claim your prize: bit.ly/8tv80b,1,17,0,1,0,1,0,0,1.0,0,0,1,0,0,1,0,0,1,0,0,0,0,0,0,0,0,0,0,0,0,0,2,0,0,0,0,0,0,0,0,0,0,0,1,0
bundled_local,Update Payment Method Required We noticed unusual activity. Please confirm your password: bit.ly/a7y8lf,1,19,1,1,0,1,0,0,1.0,0,0,1,0,0,1,0,0,1,0,0,0,0,0,0,0,0,0,0,0,0,0,0,0,1,0,0,0,0,0,0,0,0,0,0,0
bundled_local,Bank Security Alert Your payment method has expired. Update it now: bit.ly/goxcd3,1,20,1,1,0,1,0,0,1.0,0,0,1,0,0,1,0,0,1,0,0,0,0,0,0,0,0,0,0,0,0,0,0,0,0,0,0,0,0,0,0,0,0,0,0,0
bundled_local,Update Payment Method Required Click here immediately to verify your account before it gets suspended: bit.ly/e4zn7n,1,17,1,1,0,1,0,0,1.0,0,0,1,0,0,1,0,0,1,0,0,0,0,0,0,0,0,0,0,0,0,0,0,2,0,0,0,0,0,0,0,0,0,0,0,0
bundled_local,Update Payment Method Required Congratulations! You've won $5000. Claim your prize: bit.ly/mg3q98,1,17,1,1,0,1,0,0,1.0,0,0,1,0,0,1,0,0,1,0,0,0,0,0,0,0,0,0,0,0,0,0,2,0,0,0,0,0,0,0,0,0,0,0,1,0
bundled_local,Click Here to Confirm Your Password Congratulations! You've won $5000. Claim your prize: bit.ly/mjwhf9,1,17,0,1,0,1,0,0,1.0,0,0,1,0,0,1,0,0,1,0,0,0,0,0,0,0,0,0,0,0,0,0,2,0,1,0,0,0,0,0,0,0,0,0,1,0
bundled_local,Refund Pending - Claim Now Your Microsoft account needs immediate attention: bit.ly/13kyb8,1,17,1,1,0,1,0,0,1.0,0,0,1,0,0,1,0,0,1,0,0,0,0,0,0,0,0,0,0,0,0,0,1,0,0,0,0,0,0,0,0,0,0,0,1,0
bundled_local,Urgent: Verify Your Account Your payment method has expired. Update it now: bit.ly/r2tahs,1,20,1,1,0,1,0,0,1.0,0,0,1,0,0,1,0,0,1,0,0,0,0,0,0,0,0,0,0,0,0,0,0,2,0,0,0,0,0,0,0,0,0,0,0,0
bundled_local,Urgent: Verify Your Account We noticed unusual activity. Please confirm your password: bit.ly/ul027u,1,23,0,1,0,1,0,0,0.6,0,0,1,0,0,1,0,0,1,0,0,0,0,0,0,0,0,0,0,0,0,0,0,2,1,0,0,0,0,0,0,0,0,0,0,0
bundled_local,Urgent: Verify Your Account Click here immediately to verify your account before it gets suspended: bit.ly/rx2qkd,1,23,0,1,0,1,0,0,0.6,0,0,1,0,0,1,0,0,1,0,0,0,0,0,0,0,0,0,0,0,0,0,0,4,0,0,0,0,0,0,0,0,0,0,0,0
bundled_local,Update Payment Method Required Amazon detected unauthorized access. Verify your account: bit.ly/kt4irq,1,19,1,1,0,1,0,0,1.0,0,0,1,0,0,1,0,0,1,0,0,0,0,0,0,0,0,0,0,0,0,0,0,1,0,0,0,0,0,0,0,0,0,0,0,0
bundled_local,Bank Security Alert Amazon detected unauthorized access. Verify your account: bit.ly/jar19z,1,19,1,1,0,1,0,0,1.0,0,0,1,0,0,1,0,0,1,0,0,0,0,0,0,0,0,0,0,0,0,0,0,1,0,0,0,0,0,0,0,0,0,0,0,0
bundled_local,Click Here to Confirm Your Password Your payment method has expired. Update it now: bit.ly/5ucljl,1,23,0,1,0,1,0,0,0.6,0,0,1,0,0,1,0,0,1,0,0,0,0,0,0,0,0,0,0,0,0,0,0,0,1,0,0,0,0,0,0,0,0,0,0,0
bundled_local,Update Payment Method Required Your Microsoft account needs immediate attention: bit.ly/ew5ugo,1,20,1,1,0,1,0,0,1.0,0,0,1,0,0,1,0,0,1,0,0,0,0,0,0,0,0,0,0,0,0,0,0,0,0,0,0,0,0,0,0,0,0,0,0,0
bundled_local,Click Here to Confirm Your Password Confirm receipt of package: bit.ly/xr9iyo,1,17,0,1,0,1,0,0,1.0,0,0,1,0,0,1,0,0,1,0,0,0,0,0,0,0,0,0,0,0,0,0,0,0,1,0,0,0,0,0,0,0,0,0,0,0
bundled_local,Your Account Has Been Compromised Congratulations! You've won $5000. Claim your prize: bit.ly/c0xtsc,1,19,1,1,0,1,0,0,1.0,0,0,1,0,0,1,0,0,1,0,0,0,0,0,0,0,0,0,0,0,0,0,2,0,0,0,0,0,0,0,0,0,0,0,1,0
bundled_local,Your Package Delivery Failed Congratulations! You've won $5000. Claim your prize: bit.ly/fcp1b3,1,20,1,1,0,1,0,0,1.0,0,0,1,0,0,1,0,0,1,0,0,0,0,0,0,0,0,0,0,0,0,0,2,0,0,0,0,0,0,0,0,0,0,0,1,0
bundled_local,Refund Pending - Claim Now Amazon detected unauthorized access. Verify your account: bit.ly/9s9ad4,1,23,0,1,0,1,0,0,0.6,0,0,1,0,0,1,0,0,1,0,0,0,0,0,0,0,0,0,0,0,0,0,1,1,0,0,0,0,0,0,0,0,0,0,1,0
bundled_local,Confirm Your Identity Now Amazon detected unauthorized access. Verify your account: bit.ly/ss3y7p,1,20,1,1,0,1,0,0,1.0,0,0,1,0,0,1,0,0,1,0,0,0,0,0,0,0,0,0,0,0,0,0,0,2,0,0,0,0,0,0,0,0,0,0,0,0
bundled_local,Congratulations! You've Won a Prize We noticed unusual activity. Please confirm your password: bit.ly/ypb31d,1,19,1,1,0,1,0,0,1.0,0,0,1,0,0,1,0,0,1,0,0,0,0,0,0,0,0,0,0,0,0,0,1,0,1,0,0,0,0,0,0,0,0,0,1,0
bundled_local,Click Here to Confirm Your Password We noticed unusual activity. Please confirm your password: bit.ly/y1xl3q,1,17,1,1,0,1,0,0,1.0,0,0,1,0,0,1,0,0,1,0,0,0,0,0,0,0,0,0,0,0,0,0,0,0,2,0,0,0,0,0,0,0,0,0,0,0
bundled_local,Congratulations! You've Won a Prize IRS tax refund ready for pickup. Claim here: bit.ly/2mk3b5,1,19,1,1,0,1,0,0,1.0,0,0,1,0,0,1,0,0,1,0,0,0,0,0,0,0,0,0,0,0,0,0,1,0,0,0,0,0,0,0,0,0,0,0,1,0
bundled_local,Click Here to Confirm Your Password IRS tax refund ready for pickup. Claim here: bit.ly/s1972f,1,17,0,1,0,1,0,0,1.0,0,0,1,0,0,1,0,0,1,0,0,0,0,0,0,0,0,0,0,0,0,0,0,0,1,0,0,0,0,0,0,0,0,0,0,0
bundled_local,Your Account Has Been Compromised Your Netflix subscription needs updating: bit.ly/axi70k,1,23,0,1,0,1,0,0,0.6,0,0,1,0,0,1,0,0,1,0,0,0,0,0,0,0,0,0,0,0,0,0,0,0,0,0,0,0,0,0,0,0,0,0,0,0
bundled_local,Urgent: Verify Your Account Amazon detected unauthorized access. Verify your account: bit.ly/h0qfg6,1,17,0,1,0,1,0,0,1.0,0,0,1,0,0,1,0,0,1,0,0,0,0,0,0,0,0,0,0,0,0,0,0,3,0,0,0,0,0,0,0,0,0,0,0,0
bundled_local,Urgent: Verify Your Account Amazon detected unauthorized access. Verify your account: bit.ly/uxilmz,1,17,1,1,0,1,0,0,1.0,0,0,1,0,0,1,0,0,1,0,0,0,0,0,0,0,0,0,0,0,0,0,0,3,0,0,0,0,0,0,0,0,0,0,0,0
bundled_local,Congratulations! You've Won a Prize We noticed unusual activity. Please confirm your password: bit.ly/u5zvav,1,17,0,1,0,1,0,0,1.0,0,0,1,0,0,1,0,0,1,0,0,0,0,0,0,0,0,0,0,0,0,0,1,0,1,0,0,0,0,0,0,0,0,0,1,0
bundled_local,Congratulations! You've Won a Prize PayPal security alert. Confirm your information: bit.ly/igg63z,1,23,0,1,0,1,0,0,0.6,0,0,1,0,0,1,0,0,1,0,0,0,0,0,0,0,0,0,0,0,0,0,1,0,0,0,0,0,0,0,0,0,0,0,1,0
bundled_local,Urgent: Verify Your Account PayPal security alert. Confirm your information: bit.ly/9c6dfp,1,17,1,1,0,1,0,0,1.0,0,0,1,0,0,1,0,0,1,0,0,0,0,0,0,0,0,0,0,0,0,0,0,2,0,0,0,0,0,0,0,0,0,0,0,0
bundled_local,Confirm Your Identity Now Your Netflix subscription needs updating: bit.ly/0bsy0h,1,17,0,1,0,1,0,0,1.0,0,0,1,0,0,1,0,0,1,0,0,0,0,0,0,0,0,0,0,0,0,0,0,1,0,0,0,0,0,0,0,0,0,0,0,0
bundled_local,Action Required: Unusual Activity Detected Amazon detected unauthorized access. Verify your account: bit.ly/el5g2v,1,23,0,1,0,1,0,0,0.6,0,0,1,0,0,1,0,0,1,0,0,0,0,0,0,0,0,0,0,0,0,0,0,2,0,0,0,0,0,0,0,0,0,0,0,0
bundled_local,Congratulations! You've Won a Prize Your Netflix subscription needs updating: bit.ly/nq8ix3,1,20,1,1,0,1,0,0,1.0,0,0,1,0,0,1,0,0,1,0,0,0,0,0,0,0,0,0,0,0,0,0,1,0,0,0,0,0,0,0,0,0,0,0,1,0
bundled_local,Your Package Delivery Failed PayPal security alert. Confirm your information: bit.ly/5mu9yn,1,20,1,1,0,1,0,0,1.0,0,0,1,0,0,1,0,0,1,0,0,0,0,0,0,0,0,0,0,0,0,0,0,0,0,0,0,0,0,0,0,0,0,0,0,0
bundled_local,Action Required: Unusual Activity Detected IRS tax refund ready for pickup. Claim here: bit.ly/3s5t1r,1,20,1,1,0,1,0,0,1.0,0,0,1,0,0,1,0,0,1,0,0,0,0,0,0,0,0,0,0,0,0,0,0,1,0,0,0,0,0,0,0,0,0,0,0,0
bundled_local,Your Account Has Been Compromised We noticed unusual activity. Please confirm your password: bit.ly/5cng04,1,19,1,1,0,1,0,0,1.0,0,0,1,0,0,1,0,0,1,0,0,0,0,0,0,0,0,0,0,0,0,0,0,0,1,0,0,0,0,0,0,0,0,0,0,0
bundled_local,Bank Security Alert We noticed unusual activity. Please confirm your password: bit.ly/wnjc4y,1,23,0,1,0,1,0,0,0.6,0,0,1,0,0,1,0,0,1,0,0,0,0,0,0,0,0,0,0,0,0,0,0,0,1,0,0,0,0,0,0,0,0,0,0,0
bundled_local,Bank Security Alert Confirm receipt of package: bit.ly/vlmz2s,1,19,1,1,0,1,0,0,1.0,0,0,1,0,0,1,0,0,1,0,0,0,0,0,0,0,0,0,0,0,0,0,0,0,0,0,0,0,0,0,0,0,0,0,0,0
bundled_local,Action Required: Unusual Activity Detected Your Netflix subscription needs updating: bit.ly/c8caye,1,20,1,1,0,1,0,0,1.0,0,0,1,0,0,1,0,0,1,0,0,0,0,0,0,0,0,0,0,0,0,0,0,1,0,0,0,0,0,0,0,0,0,0,0,0
bundled_local,Your Account Has Been Compromised Your Netflix subscription needs updating: bit.ly/9gzr5d,1,23,0,1,0,1,0,0,0.6,0,0,1,0,0,1,0,0,1,0,0,0,0,0,0,0,0,0,0,0,0,0,0,0,0,0,0,0,0,0,0,0,0,0,0,0
bundled_local,Click Here to Confirm Your Password Click here immediately to verify your account before it gets suspended: bit.ly/fp29pm,1,19,1,1,0,1,0,0,1.0,0,0,1,0,0,1,0,0,1,0,0,0,0,0,0,0,0,0,0,0,0,0,0,2,1,0,0,0,0,0,0,0,0,0,0,0
bundled_local,Bank Security Alert Click here immediately to verify your account before it gets suspended: bit.ly/9rr15d,1,19,1,1,0,1,0,0,1.0,0,0,1,0,0,1,0,0,1,0,0,0,0,0,0,0,0,0,0,0,0,0,0,2,0,0,0,0,0,0,0,0,0,0,0,0
bundled_local,Congratulations! You've Won a Prize Your payment method has expired. Update it now: bit.ly/igs8mk,1,19,1,1,0,1,0,0,1.0,0,0,1,0,0,1,0,0,1,0,0,0,0,0,0,0,0,0,0,0,0,0,1,0,0,0,0,0,0,0,0,0,0,0,1,0
bundled_local,Bank Security Alert We noticed unusual activity. Please confirm your password: bit.ly/uc8cyy,1,23,0,1,0,1,0,0,0.6,0,0,1,0,0,1,0,0,1,0,0,0,0,0,0,0,0,0,0,0,0,0,0,0,1,0,0,0,0,0,0,0,0,0,0,0
bundled_local,Action Required: Unusual Activity Detected Click here immediately to verify your account before it gets suspended: bit.ly/doi54v,1,23,0,1,0,1,0,0,0.6,0,0,1,0,0,1,0,0,1,0,0,0,0,0,0,0,0,0,0,0,0,0,0,3,0,0,0,0,0,0,0,0,0,0,0,0
bundled_local,Congratulations! You've Won a Prize Congratulations! You've won $5000. Claim your prize: bit.ly/ejzydb,1,23,0,1,0,1,0,0,0.6,0,0,1,0,0,1,0,0,1,0,0,0,0,0,0,0,0,0,0,0,0,0,3,0,0,0,0,0,0,0,0,0,0,0,1,0
bundled_local,Refund Pending - Claim Now Your Netflix subscription needs updating: bit.ly/9yoc5t,1,20,1,1,0,1,0,0,1.0,0,0,1,0,0,1,0,0,1,0,0,0,0,0,0,0,0,0,0,0,0,0,1,0,0,0,0,0,0,0,0,0,0,0,1,0
bundled_local,Congratulations! You've Won a Prize IRS tax refund ready for pickup. Claim here: bit.ly/gkoqao,1,23,0,1,0,1,0,0,0.6,0,0,1,0,0,1,0,0,1,0,0,0,0,0,0,0,0,0,0,0,0,0,1,0,0,0,0,0,0,0,0,0,0,0,1,0
bundled_local,Update Payment Method Required PayPal security alert. Confirm your information: bit.ly/o12kln,1,17,1,1,0,1,0,0,1.0,0,0,1,0,0,1,0,0,1,0,0,0,0,0,0,0,0,0,0,0,0,0,0,0,0,0,0,0,0,0,0,0,0,0,0,0
bundled_local,Your Account Has Been Compromised Amazon detected unauthorized access. Verify your account: bit.ly/2s3bgn,1,17,1,1,0,1,0,0,1.0,0,0,1,0,0,1,0,0,1,0,0,0,0,0,0,0,0,0,0,0,0,0,0,1,0,0,0,0,0,0,0,0,0,0,0,0
bundled_local,Update Payment Method Required Your payment method has expired. Update it now: bit.ly/o8328z,1,23,0,1,0,1,0,0,0.6,0,0,1,0,0,1,0,0,1,0,0,0,0,0,0,0,0,0,0,0,0,0,0,0,0,0,0,0,0,0,0,0,0,0,0,0
bundled_local,Action Required: Unusual Activity Detected We noticed unusual activity. Please confirm your password: bit.ly/0j4djp,1,23,0,1,0,1,0,0,0.6,0,0,1,0,0,1,0,0,1,0,0,0,0,0,0,0,0,0,0,0,0,0,0,1,1,0,0,0,0,0,0,0,0,0,0,0
bundled_local,Your Account Has Been Compromised We noticed unusual activity. Please confirm your password: bit.ly/6sqjui,1,19,1,1,0,1,0,0,1.0,0,0,1,0,0,1,0,0,1,0,0,0,0,0,0,0,0,0,0,0,0,0,0,0,1,0,0,0,0,0,0,0,0,0,0,0
bundled_local,Refund Pending - Claim Now Your Netflix subscription needs updating: bit.ly/a9xvnl,1,20,1,1,0,1,0,0,1.0,0,0,1,0,0,1,0,0,1,0,0,0,0,0,0,0,0,0,0,0,0,0,1,0,0,0,0,0,0,0,0,0,0,0,1,0
bundled_local,Refund Pending - Claim Now Click here immediately to verify your account before it gets suspended: bit.ly/i94a1b,1,17,0,1,0,1,0,0,1.0,0,0,1,0,0,1,0,0,1,0,0,0,0,0,0,0,0,0,0,0,0,0,1,2,0,0,0,0,0,0,0,0,0,0,1,0
bundled_local,Congratulations! You've Won a Prize Your Microsoft account needs immediate attention: bit.ly/7v8y3z,1,23,0,1,0,1,0,0,0.6,0,0,1,0,0,1,0,0,1,0,0,0,0,0,0,0,0,0,0,0,0,0,1,0,0,0,0,0,0,0,0,0,0,0,1,0
bundled_local,Urgent: Verify Your Account Amazon detected unauthorized access. Verify your account: bit.ly/pxx2pi,1,23,0,1,0,1,0,0,0.6,0,0,1,0,0,1,0,0,1,0,0,0,0,0,0,0,0,0,0,0,0,0,0,3,0,0,0,0,0,0,0,0,0,0,0,0
bundled_local,Congratulations! You've Won a Prize PayPal security alert. Confirm your information: bit.ly/hzl8ae,1,19,1,1,0,1,0,0,1.0,0,0,1,0,0,1,0,0,1,0,0,0,0,0,0,0,0,0,0,0,0,0,1,0,0,0,0,0,0,0,0,0,0,0,1,0
bundled_local,Action Required: Unusual Activity Detected Your Microsoft account needs immediate attention: bit.ly/8uee9s,1,17,0,1,0,1,0,0,1.0,0,0,1,0,0,1,0,0,1,0,0,0,0,0,0,0,0,0,0,0,0,0,0,1,0,0,0,0,0,0,0,0,0,0,0,0
bundled_local,Confirm Your Identity Now Congratulations! You've won $5000. Claim your prize: bit.ly/jgjgo7,1,20,1,1,0,1,0,0,1.0,0,0,1,0,0,1,0,0,1,0,0,0,0,0,0,0,0,0,0,0,0,0,2,1,0,0,0,0,0,0,0,0,0,0,1,0
bundled_local,Update Payment Method Required IRS tax refund ready for pickup. Claim here: bit.ly/0b6dk6,1,20,1,1,0,1,0,0,1.0,0,0,1,0,0,1,0,0,1,0,0,0,0,0,0,0,0,0,0,0,0,0,0,0,0,0,0,0,0,0,0,0,0,0,0,0
bundled_local,Your Account Has Been Compromised Amazon detected unauthorized access. Verify your account: bit.ly/0hugnm,1,23,0,1,0,1,0,0,0.6,0,0,1,0,0,1,0,0,1,0,0,0,0,0,0,0,0,0,0,0,0,0,0,1,0,0,0,0,0,0,0,0,0,0,0,0
bundled_local,Bank Security Alert Your Microsoft account needs immediate attention: bit.ly/g0a835,1,23,0,1,0,1,0,0,0.6,0,0,1,0,0,1,0,0,1,0,0,0,0,0,0,0,0,0,0,0,0,0,0,0,0,0,0,0,0,0,0,0,0,0,0,0
bundled_local,Your Account Has Been Compromised PayPal security alert. Confirm your information: bit.ly/79a3ri,1,20,1,1,0,1,0,0,1.0,0,0,1,0,0,1,0,0,1,0,0,0,0,0,0,0,0,0,0,0,0,0,0,0,0,0,0,0,0,0,0,0,0,0,0,0
bundled_local,Refund Pending - Claim Now We noticed unusual activity. Please confirm your password: bit.ly/mb9973,1,23,0,1,0,1,0,0,0.6,0,0,1,0,0,1,0,0,1,0,0,0,0,0,0,0,0,0,0,0,0,0,1,0,1,0,0,0,0,0,0,0,0,0,1,0
bundled_local,Action Required: Unusual Activity Detected Congratulations! You've won $5000. Claim your prize: bit.ly/cy9bnx,1,17,1,1,0,1,0,0,1.0,0,0,1,0,0,1,0,0,1,0,0,0,0,0,0,0,0,0,0,0,0,0,2,1,0,0,0,0,0,0,0,0,0,0,1,0
bundled_local,Your Package Delivery Failed Confirm receipt of package: bit.ly/tx228j,1,23,0,1,0,1,0,0,0.6,0,0,1,0,0,1,0,0,1,0,0,0,0,0,0,0,0,0,0,0,0,0,0,0,0,0,0,0,0,0,0,0,0,0,0,0
bundled_local,Your Package Delivery Failed Click here immediately to verify your account before it gets suspended: bit.ly/bj3zf8,1,17,1,1,0,1,0,0,1.0,0,0,1,0,0,1,0,0,1,0,0,0,0,0,0,0,0,0,0,0,0,0,0,2,0,0,0,0,0,0,0,0,0,0,0,0
bundled_local,Action Required: Unusual Activity Detected IRS tax refund ready for pickup. Claim here: bit.ly/415ngj,1,23,0,1,0,1,0,0,0.6,0,0,1,0,0,1,0,0,1,0,0,0,0,0,0,0,0,0,0,0,0,0,0,1,0,0,0,0,0,0,0,0,0,0,0,0
bundled_local,Bank Security Alert We noticed unusual activity. Please confirm your password: bit.ly/tiws84,1,20,1,1,0,1,0,0,1.0,0,0,1,0,0,1,0,0,1,0,0,0,0,0,0,0,0,0,0,0,0,0,0,0,1,0,0,0,0,0,0,0,0,0,0,0
bundled_local,Refund Pending - Claim Now Your Netflix subscription needs updating: bit.ly/5yg2hl,1,17,1,1,0,1,0,0,1.0,0,0,1,0,0,1,0,0,1,0,0,0,0,0,0,0,0,0,0,0,0,0,1,0,0,0,0,0,0,0,0,0,0,0,1,0
bundled_local,Click Here to Confirm Your Password Congratulations! You've won $5000. Claim your prize: bit.ly/wmkumr,1,17,1,1,0,1,0,0,1.0,0,0,1,0,0,1,0,0,1,0,0,0,0,0,0,0,0,0,0,0,0,0,2,0,1,0,0,0,0,0,0,0,0,0,1,0
bundled_local,Confirm Your Identity Now Confirm receipt of package: bit.ly/czqrf8,1,20,1,1,0,1,0,0,1.0,0,0,1,0,0,1,0,0,1,0,0,0,0,0,0,0,0,0,0,0,0,0,0,1,0,0,0,0,0,0,0,0,0,0,0,0
bundled_local,Confirm Your Identity Now Your payment method has expired. Update it now: bit.ly/tt659c,1,23,0,1,0,1,0,0,0.6,0,0,1,0,0,1,0,0,1,0,0,0,0,0,0,0,0,0,0,0,0,0,0,1,0,0,0,0,0,0,0,0,0,0,0,0
bundled_local,Action Required: Unusual Activity Detected Congratulations! You've won $5000. Claim your prize: bit.ly/5ljcd4,1,19,1,1,0,1,0,0,1.0,0,0,1,0,0,1,0,0,1,0,0,0,0,0,0,0,0,0,0,0,0,0,2,1,0,0,0,0,0,0,0,0,0,0,1,0
bundled_local,Confirm Your Identity Now Confirm receipt of package: bit.ly/6nbmga,1,23,0,1,0,1,0,0,0.6,0,0,1,0,0,1,0,0,1,0,0,0,0,0,0,0,0,0,0,0,0,0,0,1,0,0,0,0,0,0,0,0,0,0,0,0
bundled_local,Bank Security Alert Your Netflix subscription needs updating: bit.ly/kgwp5x,1,23,0,1,0,1,0,0,0.6,0,0,1,0,0,1,0,0,1,0,0,0,0,0,0,0,0,0,0,0,0,0,0,0,0,0,0,0,0,0,0,0,0,0,0,0
bundled_local,Congratulations! You've Won a Prize Confirm receipt of package: bit.ly/lnv5bc,1,17,1,1,0,1,0,0,1.0,0,0,1,0,0,1,0,0,1,0,0,0,0,0,0,0,0,0,0,0,0,0,1,0,0,0,0,0,0,0,0,0,0,0,1,0
bundled_local,Refund Pending - Claim Now Congratulations! You've won $5000. Claim your prize: bit.ly/qcezvr,1,17,0,1,0,1,0,0,1.0,0,0,1,0,0,1,0,0,1,0,0,0,0,0,0,0,0,0,0,0,0,0,3,0,0,0,0,0,0,0,0,0,0,0,1,0
bundled_local,"Welcome to Our Newsletter Hi, just wanted to follow up on our discussion. Looking forward to the meeting tomorrow.",0,11,0,0,0,1,0,0,0.375,0,0,1,0,0,1,0,0,1,0,0,0,0,0,0,0,0,0,0,0,0,0,0,0,0,0,0,0,0,0,0,0,0,0,0,0
bundled_local,Bank Security Alert Confirm receipt of package: bit.ly/xutwgy,1,19,1,1,0,1,0,0,1.0,0,0,1,0,0,1,0,0,1,0,0,0,0,0,0,0,0,0,0,0,0,0,0,0,0,0,0,0,0,0,0,0,0,0,0,0
bundled_local,Action Required: Unusual Activity Detected Confirm receipt of package: bit.ly/w64wnw,1,17,1,1,0,1,0,0,1.0,0,0,1,0,0,1,0,0,1,0,0,0,0,0,0,0,0,0,0,0,0,0,0,1,0,0,0,0,0,0,0,0,0,0,0,0
bundled_local,Urgent: Verify Your Account Your Microsoft account needs immediate attention: bit.ly/ss19zh,1,20,1,1,0,1,0,0,1.0,0,0,1,0,0,1,0,0,1,0,0,0,0,0,0,0,0,0,0,0,0,0,0,2,0,0,0,0,0,0,0,0,0,0,0,0
bundled_local,Urgent: Verify Your Account IRS tax refund ready for pickup. Claim here: bit.ly/590127,1,19,1,1,0,1,0,0,1.0,0,0,1,0,0,1,0,0,1,0,0,0,0,0,0,0,0,0,0,0,0,0,0,2,0,0,0,0,0,0,0,0,0,0,0,0
bundled_local,Click Here to Confirm Your Password Click here immediately to verify your account before it gets suspended: bit.ly/0b27je,1,20,1,1,0,1,0,0,1.0,0,0,1,0,0,1,0,0,1,0,0,0,0,0,0,0,0,0,0,0,0,0,0,2,1,0,0,0,0,0,0,0,0,0,0,0
bundled_local,Confirm Your Identity Now Your Microsoft account needs immediate attention: bit.ly/h0yzoc,1,19,1,1,0,1,0,0,1.0,0,0,1,0,0,1,0,0,1,0,0,0,0,0,0,0,0,0,0,0,0,0,0,1,0,0,0,0,0,0,0,0,0,0,0,0
bundled_local,Click Here to Confirm Your Password We noticed unusual activity. Please confirm your password: bit.ly/k5t815,1,20,1,1,0,1,0,0,1.0,0,0,1,0,0,1,0,0,1,0,0,0,0,0,0,0,0,0,0,0,0,0,0,0,2,0,0,0,0,0,0,0,0,0,0,0
bundled_local,Action Required: Unusual Activity Detected Your Netflix subscription needs updating: bit.ly/zcmxxz,1,17,1,1,0,1,0,0,1.0,0,0,1,0,0,1,0,0,1,0,0,0,0,0,0,0,0,0,0,0,0,0,0,1,0,0,0,0,0,0,0,0,0,0,0,0
bundled_local,Confirm Your Identity Now Confirm receipt of package: bit.ly/0kikun,1,23,0,1,0,1,0,0,0.6,0,0,1,0,0,1,0,0,1,0,0,0,0,0,0,0,0,0,0,0,0,0,0,1,0,0,0,0,0,0,0,0,0,0,0,0
bundled_local,Action Required: Unusual Activity Detected Confirm receipt of package: bit.ly/91gdhv,1,23,0,1,0,1,0,0,0.6,0,0,1,0,0,1,0,0,1,0,0,0,0,0,0,0,0,0,0,0,0,0,0,1,0,0,0,0,0,0,0,0,0,0,0,0
bundled_local,Refund Pending - Claim Now Your Microsoft account needs immediate attention: bit.ly/ovmtiy,1,19,1,1,0,1,0,0,1.0,0,0,1,0,0,1,0,0,1,0,0,0,0,0,0,0,0,0,0,0,0,0,1,0,0,0,0,0,0,0,0,0,0,0,1,0
bundled_local,Update Payment Method Required Click here immediately to verify your account before it gets suspended: bit.ly/qvk8ku,1,17,1,1,0,1,0,0,1.0,0,0,1,0,0,1,0,0,1,0,0,0,0,0,0,0,0,0,0,0,0,0,0,2,0,0,0,0,0,0,0,0,0,0,0,0
bundled_local,Confirm Your Identity Now Your payment method has expired. Update it now: bit.ly/ewyd82,1,23,0,1,0,1,0,0,0.6,0,0,1,0,0,1,0,0,1,0,0,0,0,0,0,0,0,0,0,0,0,0,0,1,0,0,0,0,0,0,0,0,0,0,0,0
bundled_local,Confirm Your Identity Now We noticed unusual activity. Please confirm your password: bit.ly/6cx6kx,1,23,0,1,0,1,0,0,0.6,0,0,1,0,0,1,0,0,1,0,0,0,0,0,0,0,0,0,0,0,0,0,0,1,1,0,0,0,0,0,0,0,0,0,0,0
bundled_local,Your Account Has Been Compromised Amazon detected unauthorized access. Verify your account: bit.ly/75dnwk,1,23,0,1,0,1,0,0,0.6,0,0,1,0,0,1,0,0,1,0,0,0,0,0,0,0,0,0,0,0,0,0,0,1,0,0,0,0,0,0,0,0,0,0,0,0
bundled_local,Your Account Has Been Compromised PayPal security alert. Confirm your information: bit.ly/ogfm6z,1,17,0,1,0,1,0,0,1.0,0,0,1,0,0,1,0,0,1,0,0,0,0,0,0,0,0,0,0,0,0,0,0,0,0,0,0,0,0,0,0,0,0,0,0,0
bundled_local,Congratulations! You've Won a Prize Amazon detected unauthorized access. Verify your account: bit.ly/7nvija,1,23,0,1,0,1,0,0,0.6,0,0,1,0,0,1,0,0,1,0,0,0,0,0,0,0,0,0,0,0,0,0,1,1,0,0,0,0,0,0,0,0,0,0,1,0
bundled_local,Update Payment Method Required Click here immediately to verify your account before it gets suspended: bit.ly/irjt03,1,23,0,1,0,1,0,0,0.6,0,0,1,0,0,1,0,0,1,0,0,0,0,0,0,0,0,0,0,0,0,0,0,2,0,0,0,0,0,0,0,0,0,0,0,0
bundled_local,Urgent: Verify Your Account IRS tax refund ready for pickup. Claim here: bit.ly/e7rnys,1,19,1,1,0,1,0,0,1.0,0,0,1,0,0,1,0,0,1,0,0,0,0,0,0,0,0,0,0,0,0,0,0,2,0,0,0,0,0,0,0,0,0,0,0,0
bundled_local,Congratulations! You've Won a Prize IRS tax refund ready for pickup. Claim here: bit.ly/clgdh5,1,20,1,1,0,1,0,0,1.0,0,0,1,0,0,1,0,0,1,0,0,0,0,0,0,0,0,0,0,0,0,0,1,0,0,0,0,0,0,0,0,0,0,0,1,0
bundled_local,Refund Pending - Claim Now Your Netflix subscription needs updating: bit.ly/00lyyd,1,19,1,1,0,1,0,0,1.0,0,0,1,0,0,1,0,0,1,0,0,0,0,0,0,0,0,0,0,0,0,0,1,0,0,0,0,0,0,0,0,0,0,0,1,0
bundled_local,Refund Pending - Claim Now Your payment method has expired. Update it now: bit.ly/5r324w,1,20,1,1,0,1,0,0,1.0,0,0,1,0,0,1,0,0,1,0,0,0,0,0,0,0,0,0,0,0,0,0,1,0,0,0,0,0,0,0,0,0,0,0,1,0
bundled_local,Bank Security Alert Your Netflix subscription needs updating: bit.ly/x0j3z4,1,23,0,1,0,1,0,0,0.6,0,0,1,0,0,1,0,0,1,0,0,0,0,0,0,0,0,0,0,0,0,0,0,0,0,0,0,0,0,0,0,0,0,0,0,0
bundled_local,Update Payment Method Required Your Netflix subscription needs updating: bit.ly/q4bclb,1,17,0,1,0,1,0,0,1.0,0,0,1,0,0,1,0,0,1,0,0,0,0,0,0,0,0,0,0,0,0,0,0,0,0,0,0,0,0,0,0,0,0,0,0,0
bundled_local,Your Package Delivery Failed Your payment method has expired. Update it now: bit.ly/fkvjo3,1,17,1,1,0,1,0,0,1.0,0,0,1,0,0,1,0,0,1,0,0,0,0,0,0,0,0,0,0,0,0,0,0,0,0,0,0,0,0,0,0,0,0,0,0,0
bundled_local,Refund Pending - Claim Now Click here immediately to verify your account before it gets suspended: bit.ly/1rx856,1,17,1,1,0,1,0,0,1.0,0,0,1,0,0,1,0,0,1,0,0,0,0,0,0,0,0,0,0,0,0,0,1,2,0,0,0,0,0,0,0,0,0,0,1,0
bundled_local,Your Account Has Been Compromised Click here immediately to verify your account before it gets suspended: bit.ly/xvew5f,1,23,0,1,0,1,0,0,0.6,0,0,1,0,0,1,0,0,1,0,0,0,0,0,0,0,0,0,0,0,0,0,0,2,0,0,0,0,0,0,0,0,0,0,0,0
bundled_local,Action Required: Unusual Activity Detected Your payment method has expired. Update it now: bit.ly/iguos8,1,19,1,1,0,1,0,0,1.0,0,0,1,0,0,1,0,0,1,0,0,0,0,0,0,0,0,0,0,0,0,0,0,1,0,0,0,0,0,0,0,0,0,0,0,0
bundled_local,Your Package Delivery Failed Your payment method has expired. Update it now: bit.ly/g7pu2z,1,17,1,1,0,1,0,0,1.0,0,0,1,0,0,1,0,0,1,0,0,0,0,0,0,0,0,0,0,0,0,0,0,0,0,0,0,0,0,0,0,0,0,0,0,0
bundled_local,Congratulations! You've Won a Prize Click here immediately to verify your account before it gets suspended: bit.ly/hywasc,1,23,0,1,0,1,0,0,0.6,0,0,1,0,0,1,0,0,1,0,0,0,0,0,0,0,0,0,0,0,0,0,1,2,0,0,0,0,0,0,0,0,0,0,1,0
bundled_local,Urgent: Verify Your Account Your payment method has expired. Update it now: bit.ly/b7pvrl,1,19,1,1,0,1,0,0,1.0,0,0,1,0,0,1,0,0,1,0,0,0,0,0,0,0,0,0,0,0,0,0,0,2,0,0,0,0,0,0,0,0,0,0,0,0
bundled_local,Urgent: Verify Your Account Your payment method has expired. Update it now: bit.ly/9954cf,1,17,1,1,0,1,0,0,1.0,0,0,1,0,0,1,0,0,1,0,0,0,0,0,0,0,0,0,0,0,0,0,0,2,0,0,0,0,0,0,0,0,0,0,0,0
bundled_local,Congratulations! You've Won a Prize We noticed unusual activity. Please confirm your password: bit.ly/znmn4v,1,17,0,1,0,1,0,0,1.0,0,0,1,0,0,1,0,0,1,0,0,0,0,0,0,0,0,0,0,0,0,0,1,0,1,0,0,0,0,0,0,0,0,0,1,0
bundled_local,Your Package Delivery Failed Your Microsoft account needs immediate attention: bit.ly/yj3fnm,1,20,1,1,0,1,0,0,1.0,0,0,1,0,0,1,0,0,1,0,0,0,0,0,0,0,0,0,0,0,0,0,0,0,0,0,0,0,0,0,0,0,0,0,0,0
bundled_local,Action Required: Unusual Activity Detected Your payment method has expired. Update it now: bit.ly/8acuix,1,17,0,1,0,1,0,0,1.0,0,0,1,0,0,1,0,0,1,0,0,0,0,0,0,0,0,0,0,0,0,0,0,1,0,0,0,0,0,0,0,0,0,0,0,0
bundled_local,Update Payment Method Required Click here immediately to verify your account before it gets suspended: bit.ly/0616tx,1,20,1,1,0,1,0,0,1.0,0,0,1,0,0,1,0,0,1,0,0,0,0,0,0,0,0,0,0,0,0,0,0,2,0,0,0,0,0,0,0,0,0,0,0,0
bundled_local,Action Required: Unusual Activity Detected IRS tax refund ready for pickup. Claim here: bit.ly/1nmvy5,1,23,0,1,0,1,0,0,0.6,0,0,1,0,0,1,0,0,1,0,0,0,0,0,0,0,0,0,0,0,0,0,0,1,0,0,0,0,0,0,0,0,0,0,0,0
bundled_local,Bank Security Alert We noticed unusual activity. Please confirm your password: bit.ly/tpjcyf,1,19,1,1,0,1,0,0,1.0,0,0,1,0,0,1,0,0,1,0,0,0,0,0,0,0,0,0,0,0,0,0,0,0,1,0,0,0,0,0,0,0,0,0,0,0
bundled_local,Confirm Your Identity Now Your Microsoft account needs immediate attention: bit.ly/ukxvng,1,19,1,1,0,1,0,0,1.0,0,0,1,0,0,1,0,0,1,0,0,0,0,0,0,0,0,0,0,0,0,0,0,1,0,0,0,0,0,0,0,0,0,0,0,0
bundled_local,New Feature Release Notes Your subscription has been renewed. Thank you for your continued support.,0,11,0,0,0,1,0,0,0.462,0,0,1,0,0,1,0,0,1,0,0,0,0,0,0,0,0,0,0,0,0,0,0,0,0,0,0,0,0,0,0,0,0,0,0,0
bundled_local,Click Here to Confirm Your Password Your Microsoft account needs immediate attention: bit.ly/dzol2y,1,17,1,1,0,1,0,0,1.0,0,0,1,0,0,1,0,0,1,0,0,0,0,0,0,0,0,0,0,0,0,0,0,0,1,0,0,0,0,0,0,0,0,0,0,0
bundled_local,Your Package Delivery Failed Click here immediately to verify your account before it gets suspended: bit.ly/8p2zmd,1,20,1,1,0,1,0,0,1.0,0,0,1,0,0,1,0,0,1,0,0,0,0,0,0,0,0,0,0,0,0,0,0,2,0,0,0,0,0,0,0,0,0,0,0,0
bundled_local,Bank Security Alert Your payment method has expired. Update it now: bit.ly/gx1rqk,1,17,0,1,0,1,0,0,1.0,0,0,1,0,0,1,0,0,1,0,0,0,0,0,0,0,0,0,0,0,0,0,0,0,0,0,0,0,0,0,0,0,0,0,0,0
bundled_local,Refund Pending - Claim Now Your payment method has expired. Update it now: bit.ly/2prstq,1,19,1,1,0,1,0,0,1.0,0,0,1,0,0,1,0,0,1,0,0,0,0,0,0,0,0,0,0,0,0,0,1,0,0,0,0,0,0,0,0,0,0,0,1,0
bundled_local,Urgent: Verify Your Account PayPal security alert. Confirm your information: bit.ly/0lqjuf,1,17,1,1,0,1,0,0,1.0,0,0,1,0,0,1,0,0,1,0,0,0,0,0,0,0,0,0,0,0,0,0,0,2,0,0,0,0,0,0,0,0,0,0,0,0
bundled_local,Action Required: Unusual Activity Detected PayPal security alert. Confirm your information: bit.ly/lv9eyg,1,23,0,1,0,1,0,0,0.6,0,0,1,0,0,1,0,0,1,0,0,0,0,0,0,0,0,0,0,0,0,0,0,1,0,0,0,0,0,0,0,0,0,0,0,0
bundled_local,Action Required: Unusual Activity Detected PayPal security alert. Confirm your information: bit.ly/iyerca,1,17,1,1,0,1,0,0,1.0,0,0,1,0,0,1,0,0,1,0,0,0,0,0,0,0,0,0,0,0,0,0,0,1,0,0,0,0,0,0,0,0,0,0,0,0
bundled_local,Congratulations! You've Won a Prize Your Microsoft account needs immediate attention: bit.ly/a4o8mr,1,17,0,1,0,1,0,0,1.0,0,0,1,0,0,1,0,0,1,0,0,0,0,0,0,0,0,0,0,0,0,0,1,0,0,0,0,0,0,0,0,0,0,0,1,0
bundled_local,Bank Security Alert We noticed unusual activity. Please confirm your password: bit.ly/fvnczk,1,17,0,1,0,1,0,0,1.0,0,0,1,0,0,1,0,0,1,0,0,0,0,0,0,0,0,0,0,0,0,0,0,0,1,0,0,0,0,0,0,0,0,0,0,0
bundled_local,Refund Pending - Claim Now Your Netflix subscription needs updating: bit.ly/5fxzoz,1,17,0,1,0,1,0,0,1.0,0,0,1,0,0,1,0,0,1,0,0,0,0,0,0,0,0,0,0,0,0,0,1,0,0,0,0,0,0,0,0,0,0,0,1,0
bundled_local,Urgent: Verify Your Account Confirm receipt of package: bit.ly/gx1zxu,1,19,1,1,0,1,0,0,1.0,0,0,1,0,0,1,0,0,1,0,0,0,0,0,0,0,0,0,0,0,0,0,0,2,0,0,0,0,0,0,0,0,0,0,0,0
bundled_local,Refund Pending - Claim Now Amazon detected unauthorized access. Verify your account: bit.ly/6bgekl,1,17,0,1,0,1,0,0,1.0,0,0,1,0,0,1,0,0,1,0,0,0,0,0,0,0,0,0,0,0,0,0,1,1,0,0,0,0,0,0,0,0,0,0,1,0
bundled_local,Bank Security Alert Your Microsoft account needs immediate attention: bit.ly/rr2og1,1,23,0,1,0,1,0,0,0.6,0,0,1,0,0,1,0,0,1,0,0,0,0,0,0,0,0,0,0,0,0,0,0,0,0,0,0,0,0,0,0,0,0,0,0,0
bundled_local,Update Payment Method Required Confirm receipt of package: bit.ly/r51f5k,1,23,0,1,0,1,0,0,0.6,0,0,1,0,0,1,0,0,1,0,0,0,0,0,0,0,0,0,0,0,0,0,0,0,0,0,0,0,0,0,0,0,0,0,0,0
bundled_local,Congratulations! You've Won a Prize We noticed unusual activity. Please confirm your password: bit.ly/wwqqxt,1,19,1,1,0,1,0,0,1.0,0,0,1,0,0,1,0,0,1,0,0,0,0,0,0,0,0,0,0,0,0,0,1,0,1,0,0,0,0,0,0,0,0,0,1,0
bundled_local,Update Payment Method Required Your payment method has expired. Update it now: bit.ly/jcs2g6,1,20,1,1,0,1,0,0,1.0,0,0,1,0,0,1,0,0,1,0,0,0,0,0,0,0,0,0,0,0,0,0,0,0,0,0,0,0,0,0,0,0,0,0,0,0
bundled_local,Your Account Has Been Compromised PayPal security alert. Confirm your information: bit.ly/516yl7,1,20,1,1,0,1,0,0,1.0,0,0,1,0,0,1,0,0,1,0,0,0,0,0,0,0,0,0,0,0,0,0,0,0,0,0,0,0,0,0,0,0,0,0,0,0
bundled_local,Confirm Your Identity Now Click here immediately to verify your account before it gets suspended: bit.ly/wn69zy,1,19,1,1,0,1,0,0,1.0,0,0,1,0,0,1,0,0,1,0,0,0,0,0,0,0,0,0,0,0,0,0,0,3,0,0,0,0,0,0,0,0,0,0,0,0
bundled_local,Your Package Delivery Failed IRS tax refund ready for pickup. Claim here: bit.ly/vmlg99,1,23,0,1,0,1,0,0,0.6,0,0,1,0,0,1,0,0,1,0,0,0,0,0,0,0,0,0,0,0,0,0,0,0,0,0,0,0,0,0,0,0,0,0,0,0
bundled_local,Refund Pending - Claim Now Your Microsoft account needs immediate attention: bit.ly/258luq,1,23,0,1,0,1,0,0,0.6,0,0,1,0,0,1,0,0,1,0,0,0,0,0,0,0,0,0,0,0,0,0,1,0,0,0,0,0,0,0,0,0,0,0,1,0
bundled_local,Your Account Has Been Compromised Your Netflix subscription needs updating: bit.ly/l1tf0t,1,19,1,1,0,1,0,0,1.0,0,0,1,0,0,1,0,0,1,0,0,0,0,0,0,0,0,0,0,0,0,0,0,0,0,0,0,0,0,0,0,0,0,0,0,0
bundled_local,Confirm Your Identity Now Your Netflix subscription needs updating: bit.ly/ck99xv,1,17,0,1,0,1,0,0,1.0,0,0,1,0,0,1,0,0,1,0,0,0,0,0,0,0,0,0,0,0,0,0,0,1,0,0,0,0,0,0,0,0,0,0,0,0
bundled_local,Your Account Has Been Compromised Your payment method has expired. Update it now: bit.ly/j0d3rg,1,17,1,1,0,1,0,0,1.0,0,0,1,0,0,1,0,0,1,0,0,0,0,0,0,0,0,0,0,0,0,0,0,0,0,0,0,0,0,0,0,0,0,0,0,0
